loan_id,customer_id,loan_amount,loan_term,interest_rate,loan_status
43560,5198,35988.48,26,6.14,Paid Off
38931,7748,39453.16,50,14.35,Approved
99525,2535,6179.82,18,6.65,Approved
25151,4309,30668.03,50,8.58,Rejected
31394,6699,34146.57,31,2.73,Paid Off
42139,5151,38819.57,56,4.96,Rejected
64967,7132,22777.94,51,7.75,Rejected
27889,7185,42262.56,42,8.49,Paid Off
67553,7185,43330.77,46,9.63,Rejected
80018,8410,39142.9,39,2.07,Paid Off
33852,1337,47897.67,33,2.51,Rejected
53996,9861,29999.5,20,4.64,Paid Off
12126,5685,28171.15,40,7.96,Paid Off
23275,1362,44730.55,37,13.24,Rejected
33453,8918,40815.01,23,3.25,Approved
63062,5502,35195.18,47,10.94,Approved
18145,4510,47562.7,49,14.12,Paid Off
32347,4094,8227.7,24,7.73,Defaulted
47099,7085,17612.15,43,7.19,Defaulted
27293,1605,4704.81,58,9.54,Defaulted
26353,7849,14514.94,18,8.56,Defaulted
50026,5877,12910.77,34,5.74,Defaulted
32707,9377,4113.44,58,6.7,Paid Off
91416,9869,7418.35,43,3.18,Approved
37517,7699,14931.31,57,13.29,Defaulted
42427,3537,44309.42,45,7,Paid Off
39874,7812,16171.37,37,13.65,Rejected
49363,2172,17605.45,20,5.13,Approved
42637,6691,21205.8,34,5.48,Defaulted
46691,2883,44423.33,14,2.02,Approved
34725,5511,43160.79,22,12.28,Defaulted
52941,2080,22005.67,43,3.38,Defaulted
67891,3652,2229.06,36,11.8,Paid Off
42290,8926,18167.85,52,12.2,Rejected
61752,3586,40286.93,36,4.22,Paid Off
36408,8939,43786.58,27,8.61,Rejected
15675,7175,1562.06,22,6.98,Rejected
43320,7980,3891.4,22,10.9,Defaulted
82553,5192,45437.7,26,12.07,Approved
65014,3818,43923.66,44,2.96,Paid Off
69550,1710,44549.4,59,9.85,Approved
58645,2002,34099.9,42,11,Approved
17451,6793,9051.08,12,11.2,Paid Off
87371,9665,2932.53,52,12.59,Paid Off
61170,9377,41774.22,49,5.12,Rejected
27449,5056,16775.49,23,10.62,Rejected
60091,9715,19448.35,35,2.8,Paid Off
44560,7295,22250.46,25,13.6,Paid Off
88163,5977,4605.68,31,12.37,Defaulted
51302,7373,33028.21,28,5.34,Defaulted
16180,7273,47047.39,52,6.23,Approved
47393,6672,28481.6,45,7.38,Defaulted
15210,5383,29091.96,14,12.52,Approved
69818,4817,4816.72,20,6.16,Rejected
83008,1263,24138.78,19,9.66,Approved
89440,6602,47259.44,25,9.36,Defaulted
36115,6913,25273.44,49,12.62,Paid Off
31329,6907,29585.75,42,8.15,Defaulted
37845,6638,38061.18,50,14.99,Defaulted
92652,4704,33140.81,32,4.76,Defaulted
54266,7748,36750.14,37,4.46,Paid Off
56533,5159,3412.12,30,4.17,Approved
36970,5564,35432.91,58,14.39,Defaulted
57323,4027,32902.94,31,5.3,Approved
83919,5274,6475.68,14,14.6,Paid Off
68827,7174,35238.03,32,3.96,Rejected
72121,5246,47814.67,19,9.57,Rejected
22019,8826,34461.04,14,7.49,Paid Off
21394,7397,44611.37,23,8.37,Approved
52743,4194,19678.68,34,10.2,Defaulted
94756,6253,35321.11,16,9.15,Rejected
38339,8041,23989.8,32,14.43,Rejected
92391,3644,42761.84,30,2.82,Rejected
61517,3644,39199.86,41,3.96,Defaulted
74425,3951,23474.05,40,11.65,Approved
20944,2642,3500.08,52,13.12,Defaulted
93060,2780,11450.62,17,11.29,Paid Off
50343,2463,28132.38,33,11.87,Approved
86605,5070,3135.43,53,11.35,Rejected
49312,9797,22516.65,34,10.11,Rejected
60985,8753,39823.36,21,8.65,Rejected
19509,9467,43133.57,53,9.17,Approved
96328,4773,17202.21,24,4.88,Defaulted
93496,6500,46295.4,44,12.03,Rejected
52038,7609,34962.07,25,2.24,Approved
57444,8991,46106.52,53,14.72,Paid Off
54213,1542,38537.63,21,10.09,Approved
86123,8457,9937.41,58,7.98,Rejected
34249,6537,30593.87,57,2.11,Rejected
28408,2360,19542.91,42,3.45,Approved
92060,4510,38002.29,46,5.4,Paid Off
67890,7208,47339.6,25,14.56,Rejected
88580,9061,36143.73,55,7.85,Approved
57112,2429,36982.32,32,14.15,Approved
17739,5359,19884.41,35,12.98,Rejected
24889,2582,24346.59,24,5.98,Defaulted
67756,5730,3066.98,26,2.3,Paid Off
74600,9134,43461.02,24,4.17,Approved
21150,5709,36511.93,49,14.45,Approved
37955,5760,43849.52,18,7.38,Paid Off
76181,5522,7213.19,36,14.09,Rejected
57807,4408,34547.63,19,6.21,Defaulted
25261,2812,18392.29,27,7.95,Rejected
49229,6872,29100.09,26,14,Paid Off
52646,9689,15580.51,53,5.92,Paid Off
73244,1712,3580.9,53,14.8,Paid Off
43401,6275,18851.45,13,3.89,Paid Off
15545,6874,20355.88,46,10.49,Approved
41231,6302,44136.23,56,6.96,Defaulted
63000,8127,10065.6,40,4.4,Paid Off
19521,1451,8345.58,30,8.44,Paid Off
85895,2137,39513.35,15,11.15,Paid Off
80752,4115,37418.84,50,3.73,Paid Off
81452,7848,33052.32,17,5.38,Defaulted
79634,7879,21542.33,25,4.42,Paid Off
84975,5709,19415.74,45,9.34,Defaulted
95480,6654,14396.94,27,12.96,Paid Off
15776,3162,3538.99,47,6.37,Paid Off
88703,8734,46612.09,13,11.15,Rejected
34456,7010,16100.85,46,10.2,Paid Off
17440,8709,10335.1,25,14.27,Rejected
12149,8807,5789.55,59,10.79,Defaulted
44706,3932,1478.29,30,12.1,Approved
18914,9118,36886.81,22,10.17,Approved
23566,2490,22502.66,16,4.94,Rejected
24123,5548,25392.17,54,10.13,Defaulted
28767,7742,29599.47,25,5.96,Defaulted
97915,1064,39892.99,44,13.27,Paid Off
71437,8063,49170.8,33,14.84,Defaulted
90606,2150,40597.71,29,14.47,Paid Off
91747,1167,24541.14,51,3.84,Rejected
33771,2607,2105.16,57,3.89,Defaulted
74235,5978,11650.57,37,8.07,Approved
85526,1327,49734.72,12,10.68,Defaulted
45960,9446,8569.68,15,2.24,Paid Off
54200,4367,9162.5,36,7.64,Rejected
71248,9105,44120.01,26,3.56,Defaulted
54614,8154,45186.61,43,13.35,Defaulted
24026,9857,18815.63,15,7.8,Rejected
63400,7252,27804.44,33,14.73,Defaulted
50066,3417,19642.96,52,3.52,Approved
48971,2834,44627.76,19,3.08,Approved
49703,6930,20708.9,60,13.62,Approved
99073,4003,44598.38,54,9.83,Defaulted
24886,2672,17699.4,43,6,Approved
15000,6454,33401.14,21,5,Defaulted
16484,8749,47774.29,45,12.97,Approved
48240,1052,29933.05,55,2.82,Rejected
56995,1337,4824.48,31,10.51,Approved
63115,7292,48996.97,26,5.91,Paid Off
25850,7056,29711.35,29,5.13,Rejected
40535,7252,3501.95,58,14.06,Rejected
41476,9467,17769.19,15,8.33,Defaulted
52299,1039,14641.32,31,4.59,Approved
70412,4842,49734.39,34,13.58,Paid Off
86205,2481,17452.36,32,12.05,Rejected
35954,2430,6030.32,49,4.76,Approved
37251,1773,31154.24,50,4.85,Rejected
93003,7167,42049.96,19,4.09,Rejected
68514,5041,13737.08,21,4.15,Rejected
37489,1315,15044.99,59,6.58,Paid Off
31834,8948,7576.7,33,7.9,Rejected
39506,6925,39011.79,35,3.17,Rejected
28848,1199,9021.61,51,3.12,Defaulted
91166,3779,20958.62,38,3.55,Approved
66334,9354,41159.78,37,7.33,Rejected
71841,1529,23073.01,37,9.04,Paid Off
97296,3631,7850.41,23,2.3,Defaulted
59880,9567,7135.65,43,8.39,Approved
14372,7381,20516.23,48,7.06,Rejected
31970,9734,10928.48,29,8.25,Paid Off
80820,3779,5117.96,37,2.1,Defaulted
25858,8650,12779.64,20,14.05,Approved
66603,8364,36776.46,51,14.65,Approved
30023,2215,12788.92,39,4.26,Rejected
59775,3706,2459.91,37,11.58,Rejected
78625,5736,13281.66,55,2.12,Defaulted
85975,5736,5572.51,41,4.61,Approved
36824,9820,45456.57,44,3.3,Defaulted
73591,8162,28616.13,44,11.64,Paid Off
51892,8709,40943.11,37,3.7,Paid Off
18027,6772,32419.21,44,4.48,Defaulted
79433,9936,48642.33,24,2.25,Paid Off
21829,4558,31153.43,22,2.92,Approved
34458,3818,32222.94,37,11.93,Defaulted
52580,9689,26323.02,44,12.59,Defaulted
71417,6840,18578.63,40,6.84,Defaulted
88304,5709,5806.17,47,12.86,Defaulted
11428,6925,35269.45,34,7.31,Approved
12477,6714,29952.62,40,9.8,Defaulted
37532,1696,30982.02,52,5.7,Paid Off
77393,4286,19148.97,31,7.27,Defaulted
81767,1033,36855.09,31,4.5,Paid Off
25795,1712,20831.18,54,3.38,Paid Off
95249,1080,48310.06,37,6.66,Rejected
17886,3252,14639.52,35,4.12,Paid Off
23652,9469,17968.81,40,6.18,Approved
66008,7347,4066.19,21,12.73,Approved
37436,5721,11158.32,45,7.14,Approved
61755,2360,5419.71,12,3.22,Rejected
18832,6449,31771.87,30,10.64,Rejected
29311,1161,25691.49,12,2.85,Approved
33796,9683,16888.54,35,10.53,Paid Off
20088,5127,32764.84,26,7.4,Paid Off
13063,7640,38119.97,44,3.11,Paid Off
33201,4595,18037.45,30,5.22,Defaulted
72465,5521,40911.41,38,5.82,Paid Off
69710,7980,32508.2,47,11.89,Approved
86851,5502,35521.32,45,8.05,Rejected
70731,6528,24215.89,19,7.09,Defaulted
81228,2730,37114.27,15,11.65,Defaulted
36799,7091,41532.44,60,3.72,Rejected
20457,2002,18466.24,50,9.9,Defaulted
89126,5478,34053,14,8.9,Paid Off
82173,2418,24248.51,41,10.49,Defaulted
83978,8180,29480.52,56,6.89,Defaulted
28808,2095,27371.69,59,12.16,Rejected
90660,5352,10480.92,42,5.64,Approved
34894,4367,6490.29,48,2.32,Paid Off
53605,7056,32049.11,27,9.61,Defaulted
23218,8807,17345.51,27,4.86,Paid Off
73089,1064,10928.58,33,2.79,Paid Off
98983,4469,1642.28,35,13.21,Paid Off
81500,1779,5915.76,55,5.35,Defaulted
58199,2080,21135.21,59,4.89,Paid Off
83925,5740,46020.3,21,8.56,Paid Off
57791,3423,29368.72,33,2.19,Paid Off
12440,5727,44842.62,14,5.47,Paid Off
93814,8939,43552.49,32,4.59,Paid Off
74861,9199,43739.33,12,8.7,Paid Off
87920,6177,3311.96,26,3.63,Rejected
70249,9226,23834.55,43,11.27,Defaulted
59006,9252,24851.45,28,2.14,Paid Off
23140,7373,21707.01,24,10.98,Rejected
64386,5430,48824.98,12,5.69,Paid Off
96057,1327,12997.81,41,3.86,Rejected
26826,4294,25464.88,33,9.96,Defaulted
57899,8749,11082.37,60,4.84,Approved
24587,7564,47018.84,49,6.32,Paid Off
16413,7748,35799.19,12,7.17,Approved
22699,8528,24660.37,19,7.16,Approved
45542,7609,26144.91,35,7.68,Approved
51296,6191,32163.64,12,8.85,Defaulted
95285,1315,46681.44,59,4.13,Approved
92004,8681,28847.25,30,5.56,Rejected
48672,5557,25375.71,58,3.94,Rejected
11156,3048,34376.61,38,5.3,Defaulted
74011,1189,45922.32,23,6.53,Rejected
45577,5202,23806.13,34,2.75,Defaulted
98520,6907,14966.39,19,4.3,Paid Off
76591,4995,46029.4,19,2.77,Paid Off
63897,1621,7135.73,17,12.22,Rejected
39691,4254,9663.67,49,4.01,Rejected
32184,6018,45084.94,56,11.42,Approved
68361,6738,39015.73,13,11.99,Defaulted
83186,5610,31217.18,24,11.95,Approved
83733,2746,2076.39,51,8.82,Approved
53667,3682,46622.92,54,2.88,Paid Off
37117,5663,28766.32,55,12.94,Approved
43692,3242,24902.83,38,13.36,Paid Off
73449,2535,15271.56,48,7.2,Approved
18013,9443,27647.88,39,10.73,Defaulted
36339,4460,30997.94,52,14.14,Defaulted
59285,1236,13601.86,43,10.9,Approved
95325,8086,23483.06,29,9.64,Rejected
96457,2338,2768.49,57,10.6,Rejected
21775,5706,33009.82,23,3.38,Approved
31372,1094,11115.91,14,11.5,Rejected
88264,1050,48550.77,30,3.43,Approved
44430,6008,23264.2,59,2.67,Approved
93175,3990,9372.58,53,12.61,Paid Off
46621,5426,43838.35,26,13.9,Rejected
38467,8274,9621.79,43,12.61,Paid Off
23042,6602,10762.47,24,7.56,Defaulted
51748,5873,26729.22,52,14.06,Rejected
15151,7848,15579.58,45,8.37,Paid Off
35268,1527,43586.1,17,5.44,Approved
11826,1801,31986.8,52,7.72,Approved
15446,5202,11749.42,38,7.59,Rejected
50858,9377,19267.71,30,4.56,Rejected
26700,9363,49007.54,12,11.7,Approved
21349,2865,2578.38,13,11.64,Defaulted
82656,7704,14004.52,22,4.15,Rejected
59956,6335,8037.35,17,4.25,Defaulted
77708,5236,42131.51,28,4.15,Defaulted
12403,1773,3505.04,36,2.21,Approved
32828,8652,20056.98,20,2.4,Defaulted
81047,9608,2570.55,19,4.34,Defaulted
28413,6654,23521.88,38,7.18,Defaulted
64136,7647,29739.78,51,2.33,Defaulted
64559,7295,23799.8,12,11.74,Rejected
65048,7640,10855.02,12,14.25,Defaulted
37476,3398,39980.57,29,2.92,Approved
95659,5978,45539.59,41,14.28,Approved
83982,1696,36723.6,22,13.69,Defaulted
65963,1050,41508.18,43,13.4,Rejected
96273,4553,17151.07,27,6.96,Paid Off
47697,2620,7877.46,40,5.05,Paid Off
94152,7397,47157.79,43,12.25,Defaulted
18417,1619,16371.16,44,11.67,Approved
70068,6238,5844.31,26,6.85,Rejected
27668,7970,38576.49,15,9.12,Approved
39598,8537,38033.12,46,14.53,Paid Off
99668,2368,24753.75,18,8.8,Rejected
69244,4197,19868.89,44,12.35,Rejected
29862,4454,40552.85,31,5.54,Rejected
57491,1606,30217.84,45,10.31,Rejected
56503,8127,49411.1,45,11.76,Defaulted
14926,3795,48909.05,25,12.34,Rejected
27541,5070,32116.46,33,2.21,Defaulted
11564,5196,5317.96,53,2.72,Rejected
41461,5117,14842.11,38,8.98,Paid Off
98559,1614,23210.92,42,12.56,Approved
54879,2979,2202.98,42,4.67,Rejected
80511,5236,24034.68,21,8.86,Rejected
62303,5785,37813.63,22,10.2,Paid Off
77083,2952,22746.95,42,9.73,Paid Off
87954,7397,8597.97,25,11.74,Defaulted
69255,2582,46582.81,52,7.21,Defaulted
60279,9443,48430.48,21,2.43,Rejected
23425,8067,44313.47,51,10.84,Defaulted
11456,9936,13238.88,22,8.39,Approved
92650,1405,17339.63,15,11.92,Paid Off
95218,6405,21195.84,16,10.97,Rejected
63945,6267,4728.71,24,5.05,Approved
84206,4713,39663.17,52,2.65,Paid Off
76015,7699,28277.81,46,7.13,Rejected
99770,3679,31311.17,54,6.07,Defaulted
25200,6008,7918.69,27,11.43,Approved
30813,1213,42206.78,58,4.09,Defaulted
58035,7185,27197.43,37,12.74,Paid Off
11080,4600,7990.24,35,3.79,Paid Off
96082,8600,43700.08,53,12.74,Approved
49710,4558,2575.83,49,13.92,Paid Off
96050,2095,38937.36,30,10.73,Approved
37344,6043,28393.2,18,13.15,Rejected
23591,8326,28679.67,59,9.24,Defaulted
55635,5196,39722.49,50,8.83,Defaulted
64002,1362,27756.67,12,13.27,Rejected
50088,9715,30003.54,57,10.15,Paid Off
58817,2498,16321.69,53,7.49,Paid Off
65566,4163,17008.39,34,10.1,Rejected
87266,9470,18820.26,48,13.88,Paid Off
32899,7218,28337.89,44,6.12,Approved
42873,9443,19627.63,38,9.2,Approved
25557,2392,26947.15,43,4.7,Rejected
84057,1236,5486.18,28,5.94,Defaulted
56194,1676,41115.53,40,12.39,Paid Off
24474,7409,22680.39,57,2.34,Rejected
10555,1208,15830.17,32,11.26,Approved
54295,5430,9734.67,25,12.29,Rejected
18392,9303,39055.45,37,4.08,Defaulted
54609,5646,30382.24,29,2.95,Defaulted
63251,4120,48061.25,54,12.66,Approved
58976,8351,47201.86,46,7.8,Approved
79822,5274,22844.97,38,14.68,Rejected
91177,7415,48698.48,53,6.2,Paid Off
79646,5610,21413.44,54,7.1,Paid Off
50121,5558,36487.72,49,5.77,Defaulted
11718,3844,28217.77,33,4.15,Defaulted
14749,5938,43025.66,31,8.95,Approved
35919,1239,28244.79,28,6.28,Defaulted
35443,2724,12635.19,44,13.6,Rejected
60030,1315,10203.66,13,5.62,Approved
88763,1371,23512.63,49,7.99,Rejected
35563,4460,43234.91,23,14.37,Defaulted
25162,5889,21259.59,24,3.84,Approved
88824,7203,49816.2,21,9.91,Approved
32831,7010,20818.83,54,8.44,Defaulted
93292,5596,14489.07,53,12.4,Approved
48452,6521,2183.54,44,5.28,Approved
26724,6537,17293.99,40,2.78,Defaulted
17800,3993,45201.32,55,14.89,Defaulted
86499,9252,46938.09,34,9.47,Paid Off
15581,5630,49188.42,57,10.58,Defaulted
84591,4115,8861.27,42,6.41,Rejected
68540,6421,40371.75,58,3.29,Paid Off
71091,9726,29508.91,31,13.32,Paid Off
16450,1091,39218.8,54,11.85,Paid Off
70624,2934,36551.96,49,10.57,Paid Off
53001,9780,10969.8,58,4.96,Rejected
45575,5312,22055.42,14,13.02,Rejected
69794,4854,6121.23,55,9.82,Rejected
49987,3958,12817.75,22,11.89,Approved
74789,6925,49317.69,28,13.34,Approved
24451,2672,31640.83,57,14.99,Paid Off
96550,3214,47180.15,41,3.15,Rejected
63331,6951,8225.76,18,12.14,Defaulted
23337,7044,8025.07,42,13.14,Paid Off
82743,6678,38632.46,45,6.46,Paid Off
45601,3958,2109.2,36,3.64,Paid Off
51494,9354,33927.78,48,4.83,Approved
21162,2002,5132.78,15,14.06,Rejected
66793,1696,37729.67,60,5.54,Approved
85850,9061,15646.07,20,8.81,Paid Off
30196,3303,5255.08,29,3.64,Approved
41911,7132,47691.65,32,9.41,Approved
80723,9724,19025.07,32,3.52,Paid Off
58652,5142,22657.78,60,5.48,Defaulted
47842,3020,22532.78,26,3.73,Defaulted
82202,2506,18046.59,17,3.02,Approved
68379,2730,49719.32,38,3.95,Approved
77166,5646,18921.93,42,11.83,Defaulted
86791,6514,41570.53,31,3.13,Rejected
51880,9354,17368.52,34,5.48,Approved
24183,1818,3772.09,58,11.66,Rejected
10712,3535,37988.12,16,6.46,Approved
87436,4773,42496,27,5.28,Rejected
71124,4858,28081.51,31,10.18,Paid Off
10323,2506,41544.49,60,9.33,Approved
52226,1400,44861.54,56,9.35,Approved
69513,3529,35968.52,30,13.03,Rejected
31113,7283,29267.4,31,2.78,Paid Off
70453,3723,38338.11,51,12.84,Approved
78493,3417,4291.25,14,10.71,Defaulted
75080,3679,39514.88,54,9.28,Defaulted
20824,8086,10323.01,60,13.54,Paid Off
64881,8326,38346.22,16,12.11,Paid Off
38806,6421,41354.71,20,13.63,Paid Off
63320,2481,43986.96,54,10.21,Rejected
69260,9076,33773.54,42,12.79,Approved
90226,8614,9591.55,42,2.89,Rejected
57052,3833,43378.05,56,14.18,Rejected
75182,1473,19207.75,59,7.58,Defaulted
76330,6744,20797.23,32,2.43,Rejected
35428,2305,15844.44,26,11.54,Defaulted
31652,2174,15187.91,50,14.51,Rejected
17798,2095,48119.72,16,2.75,Rejected
75030,4768,3586.97,41,10.06,Defaulted
35971,3638,31895.6,22,12.82,Rejected
28014,3112,18633.78,60,9.88,Rejected
60510,1976,4113.32,50,11.4,Approved
76650,6049,40159.82,41,13.07,Rejected
32718,1917,25085.43,45,12.73,Approved
44623,8943,49054.25,52,9.77,Approved
32881,1199,48859.64,32,8.05,Approved
42625,6267,14552.29,56,14.82,Approved
69506,5198,5928.11,26,6.4,Rejected
32522,5473,1775.65,57,12.87,Rejected
93194,8596,31922.32,25,4.46,Defaulted
83829,2456,38411.58,49,10.76,Rejected
52427,2456,3008.65,14,12.06,Defaulted
77264,2221,37135.14,18,7.71,Defaulted
85944,6355,43417.59,27,14.55,Paid Off
78212,4454,39939.78,43,4.17,Paid Off
49962,3162,19645.82,39,8.51,Approved
23070,4653,9057.91,39,2.83,Rejected
60949,5218,12189.76,22,14.12,Defaulted
93054,7445,15385.95,38,10.89,Defaulted
66053,1332,18215.18,59,12.04,Approved
88398,2221,35420.88,56,5.18,Approved
45972,9641,24708.17,24,14.2,Approved
43130,4305,38398.67,56,3.73,Paid Off
66134,5502,27754.63,35,5.54,Defaulted
70597,4254,4719.54,60,7.92,Rejected
46370,2688,4505.16,38,6.8,Paid Off
91972,3252,19070.65,31,8.64,Defaulted
10802,1712,20633.17,19,2.64,Defaulted
11723,3659,48609.12,44,12.84,Paid Off
74668,1145,18473.02,57,8.35,Defaulted
55515,1263,32715.09,56,5.77,Approved
62525,5334,22970.7,23,11.29,Rejected
63718,1435,26476.35,34,7.03,Paid Off
51413,4162,8181.95,38,9.82,Approved
86429,6743,17276.4,27,8.17,Defaulted
47898,5844,46257.59,54,12.33,Approved
16594,2865,23779.85,52,5.39,Approved
46553,4561,14372.11,47,2.41,Approved
33568,6450,24119.64,40,5.54,Rejected
78909,9190,26338.09,15,13,Defaulted
40646,2389,17441.74,13,8.85,Rejected
21014,5430,30034.54,16,8.18,Defaulted
70885,5168,34379.56,38,6.34,Approved
59203,7625,3488.41,51,14.42,Paid Off
94274,1527,16800.47,25,3.36,Paid Off
30736,5910,36485.2,49,11.47,Approved
34314,6537,26634.11,32,13.73,Approved
63057,1527,1092.04,23,12.6,Paid Off
58422,1290,6647.01,38,7.21,Rejected
23557,8364,38564.38,25,12.3,Approved
62161,3818,37193.83,38,2.43,Approved
62897,2172,42613.86,12,9.35,Paid Off
90505,1622,47461.22,46,14.56,Approved
41772,3344,6713.15,17,8.99,Approved
46898,3536,6056.43,45,9.39,Approved
21118,1337,29751.68,57,4.78,Paid Off
11325,1435,40584.64,31,11.54,Approved
27756,9226,28591.98,20,4.63,Paid Off
63623,7131,12410.96,22,6.66,Rejected
89095,1000,12613.17,28,9.61,Defaulted
76420,3638,38294.11,36,9.39,Approved
42104,4558,24437.13,47,14.85,Rejected
72321,8943,8275.66,35,12.62,Defaulted
33700,4639,41915.02,53,3.13,Paid Off
45461,9453,20848.14,22,2.69,Approved
91674,4309,13780.08,31,12.11,Defaulted
38155,6553,7780.53,18,4.45,Paid Off
91810,8606,31415.23,60,9.77,Approved
81597,5486,37957.93,53,2.25,Approved
13482,3926,14792.67,18,2.06,Defaulted
12658,1477,32225.4,28,2.04,Defaulted
15155,5511,21241.27,23,14.8,Defaulted
44709,6872,25053.52,21,10,Rejected
96302,4454,23993.48,35,8.94,Defaulted
51030,8943,49615.28,20,3.92,Approved
74146,8991,37228.81,25,8.52,Rejected
62012,4227,34820.64,31,4.73,Approved
21882,4704,17856.45,49,5.93,Rejected
22846,2529,41774.19,33,10.76,Approved
83159,8733,35225.59,36,5.25,Paid Off
85186,9858,44981.91,15,6.23,Approved
90166,3569,18273.93,50,9.26,Paid Off
50485,1525,43710.16,52,8.53,Paid Off
70466,6802,45200.82,19,3.67,Paid Off
17755,1400,16692.78,40,12.44,Defaulted
53846,1823,28427.27,44,5.43,Rejected
50013,6071,18588.62,29,11.31,Approved
41996,2633,48458.05,38,6.22,Approved
12289,8086,5957.19,39,5.63,Rejected
39389,9207,16896.16,43,5.77,Defaulted
90855,7609,48740.65,16,7.73,Rejected
26098,9641,2593.31,12,11.17,Defaulted
32579,3299,44743.76,51,8.16,Paid Off
24945,7365,16036.64,58,2.58,Paid Off
14727,8456,16139.91,57,10.67,Paid Off
50299,6500,16736.34,38,12.25,Approved
75492,8592,8761.36,35,4.18,Paid Off
35462,1710,41031.39,43,14.97,Paid Off
43823,8449,48147.44,14,4,Rejected
99445,6824,24713.34,44,11.63,Rejected
89643,2708,26617.96,30,9.48,Defaulted
22149,9061,12002.03,44,11.03,Paid Off
15617,4817,23174.4,20,12.08,Approved
21833,2153,47986.21,29,4.32,Defaulted
65079,3535,16587.57,24,11.91,Paid Off
68159,9857,42645.77,34,11.04,Approved
86135,9482,11098.48,19,12.41,Defaulted
40887,2884,11208.98,39,3.97,Rejected
22425,3642,5807.12,60,11.35,Paid Off
57152,2499,16216.5,20,2.66,Defaulted
77490,1614,21937.12,13,6.43,Approved
11907,6177,30914.31,32,10.7,Paid Off
55066,3790,49045.88,24,11.53,Approved
98363,4768,5431.71,26,9.41,Defaulted
20190,3075,1732.12,16,13.29,Paid Off
99454,8379,19917.92,50,14.78,Approved
65517,7706,4116.19,38,2.64,Approved
13492,5663,38866.71,56,9.98,Paid Off
20103,7947,24717.04,35,14.15,Rejected
46084,8380,43096.91,56,13.67,Approved
64351,9598,48895.11,37,7.4,Defaulted
41347,2981,36248.86,40,13.99,Defaulted
94566,6930,31058.36,42,14.58,Approved
63575,6030,15221.36,16,12.93,Defaulted
71978,5574,1114.46,12,2.95,Paid Off
75309,3120,47062.42,57,6.44,Paid Off
12969,5096,2272.36,24,12.51,Defaulted
73058,5218,20549.75,43,2.98,Approved
62140,2750,25792.99,39,13.5,Defaulted
15757,7163,25317.19,52,10.94,Rejected
25543,2392,6133.31,46,9.21,Approved
41587,5832,15461.72,46,12.81,Approved
34428,5495,33201.24,41,10.21,Paid Off
95370,2702,45371.99,53,9.45,Paid Off
59368,3827,47786.14,41,5.88,Defaulted
52881,6001,38702.6,21,4.7,Approved
14096,6245,44738.88,16,4.21,Defaulted
92157,6275,24623.58,58,9.35,Defaulted
47628,7849,14422.66,33,10.72,Approved
99815,3877,26919.96,51,11.95,Defaulted
70364,3932,8500.53,60,9.39,Defaulted
99511,5713,13257.47,18,13.61,Defaulted
70576,5168,9804.67,38,14.06,Defaulted
18464,9942,32429.88,15,9.21,Rejected
92409,9482,37919.79,31,12.73,Approved
47013,6278,43804.83,44,11.39,Approved
33891,1398,6155.73,30,7.07,Defaulted
35300,7353,39261.26,41,13.99,Paid Off
57562,6743,36758.37,40,7.28,Approved
50446,3801,5482.17,46,5.49,Approved
92000,3651,24559.45,18,8.89,Approved
67294,5092,19248.18,32,14.89,Defaulted
88944,5129,31128.75,36,5.97,Rejected
77872,3569,34796.88,25,11,Paid Off
26837,2625,27262.32,55,3.21,Defaulted
98396,4243,47483.15,56,7.18,Approved
83534,6772,35904.45,52,5.98,Approved
54773,1777,27333.52,19,2.07,Rejected
45429,8364,32787.89,30,11.64,Defaulted
51600,7381,36099.03,36,8.16,Approved
33406,5003,11582.86,41,5.99,Defaulted
56289,6638,23082.28,33,12.71,Approved
43708,5621,14662.79,23,4.79,Defaulted
14622,8609,20393.86,38,10.56,Approved
96797,6356,9427.91,22,5.62,Approved
90463,6030,13724.36,52,13.05,Paid Off
96740,9356,44731.58,34,13.87,Rejected
78304,4012,22557.58,58,10.88,Defaulted
43232,5873,45900.13,12,9.72,Approved
68664,3330,19960.22,52,4.06,Paid Off
22680,8364,19363.25,30,14.05,Approved
36766,6537,13560.22,15,2.26,Rejected
90192,9107,5322.64,28,14.56,Rejected
55624,1315,34978.79,31,2.65,Rejected
64862,8180,1509.98,59,13.39,Paid Off
23314,6962,44637.61,45,5.88,Defaulted
37443,8537,18182.16,36,9.65,Approved
83538,8063,3718.12,24,3.2,Paid Off
74267,5087,28469.37,17,6.34,Rejected
53532,6208,12108.59,23,11.13,Rejected
62020,4995,28592.56,60,9.78,Paid Off
12619,1033,41409.76,27,4.39,Paid Off
66286,8799,42640.02,60,9.18,Paid Off
37447,4919,45082.29,37,7.08,Rejected
22470,8082,17283.34,22,8.55,Paid Off
43432,8274,22131.06,30,4.48,Defaulted
80158,2750,2288.16,37,9.19,Defaulted
42724,4940,28752.65,14,6.25,Rejected
49007,4999,8999.73,31,12.17,Paid Off
47331,6335,27038.79,43,9.77,Rejected
62991,4254,46903.96,35,9.03,Approved
99012,3863,13158.74,31,13.69,Rejected
87690,5756,33453.91,53,7.3,Paid Off
58147,3951,6139.48,23,4.41,Approved
87009,2556,4447.26,15,4.43,Paid Off
37262,7749,42962.83,24,12.8,Rejected
14755,2884,23195.69,27,6.88,Approved
57059,7321,40744.13,57,14.32,Approved
24976,7812,43557.13,39,2.9,Rejected
71706,7397,5988.62,37,13.33,Defaulted
25089,5788,3547.18,59,9.16,Approved
69770,7723,29025.65,44,12.33,Paid Off
68902,7640,15590.31,16,12.04,Paid Off
66808,5152,40369.74,30,8.81,Rejected
54859,2306,18826.95,13,3.5,Defaulted
86869,3706,12242.19,22,4.46,Rejected
25908,3382,17630.71,17,4.04,Paid Off
61436,2473,15586.74,17,4.92,Paid Off
99977,2334,29238.44,19,12.72,Paid Off
62137,8691,11799.77,44,7.45,Defaulted
46868,4367,47161.25,57,3.76,Paid Off
60265,7465,4132.81,39,14.6,Rejected
69460,3992,32508.83,16,5.45,Defaulted
39838,2430,39653.6,52,6.85,Approved
11977,3929,26820.88,50,8.61,Defaulted
28947,7703,38026.78,51,10.45,Defaulted
97735,8154,37759.61,53,10.65,Rejected
41454,6018,44371.28,20,2.79,Rejected
73127,9061,5090.43,38,11.22,Paid Off
76981,3554,37194.59,25,2.46,Paid Off
80327,5910,32532.65,48,10.77,Defaulted
57493,2481,49855.38,40,2.36,Defaulted
27118,9018,26146.48,38,3.65,Rejected
21591,7647,46316.56,36,9.51,Approved
87289,9553,13325.24,29,3.76,Approved
37584,7723,24213.48,31,2.3,Paid Off
11659,3052,17599.29,21,7.94,Defaulted
79083,4194,20872.59,53,3.35,Paid Off
92808,7098,28546.14,60,3.36,Paid Off
22442,5709,25454.3,21,2.99,Rejected
99535,2529,7377.82,31,8.89,Paid Off
78967,8745,36063.94,15,10.22,Rejected
50961,3371,43380.14,54,11.98,Rejected
31298,3259,25339.65,25,3.28,Defaulted
94414,5877,9437.7,47,13.45,Defaulted
94809,9820,33902,27,5.24,Paid Off
33980,1145,18047.69,39,9.33,Rejected
82946,9883,35685.64,36,6.29,Rejected
19157,4561,28512.89,28,5.53,Defaulted
30435,4703,7869.58,36,13.23,Defaulted
95463,4511,36815.46,30,13.66,Approved
55427,8688,33985.68,27,10.56,Approved
44653,2374,46450.37,48,7.29,Defaulted
69341,8410,37962.95,57,8.14,Rejected
94590,2481,28600.88,49,7.39,Rejected
83341,2757,11581.59,31,3.68,Paid Off
86731,7917,17149.99,23,12.28,Paid Off
83161,2883,9934.93,23,10.32,Approved
92777,2492,43954.78,12,13.48,Paid Off
70490,6030,35734.76,16,4.8,Defaulted
84413,5706,10941.25,13,11.02,Paid Off
94493,4653,16094.79,29,14.94,Defaulted
33412,1094,27260.94,20,2.57,Paid Off
20127,6553,31287.33,55,4.02,Approved
28330,4182,2161.68,23,7.87,Approved
26827,3702,46282.88,57,8.26,Paid Off
88689,7987,17206.68,41,9.12,Defaulted
21770,1976,24806.63,18,3,Defaulted
29508,4553,11403.02,16,14.92,Defaulted
31978,4325,22284.72,29,3.88,Approved
43214,3535,35540.8,14,2.07,Paid Off
26003,7640,41920.98,49,7.55,Approved
53319,3344,25774.32,34,6.55,Paid Off
65441,5889,28257.15,42,2.36,Rejected
30313,7806,33046.21,55,7.71,Defaulted
10748,1161,25036.91,16,8.7,Defaulted
40444,4921,6950.39,58,7.12,Rejected
29636,9926,49913.02,14,6.81,Paid Off
55927,8718,45635.26,59,8.09,Paid Off
33070,4510,42662.76,38,13.69,Approved
76449,1946,27679.77,15,12.03,Paid Off
29737,4007,3051.23,56,4.96,Approved
22433,4181,43658.79,31,12.86,Paid Off
48377,5017,41132.25,20,11.13,Approved
22357,7294,48452.48,58,7.12,Paid Off
41388,2394,16007.08,45,13.56,Rejected
54035,1801,24596.77,50,6.72,Paid Off
34494,5760,32816.78,28,9.19,Paid Off
73445,4286,14591.5,46,5.77,Paid Off
21497,6484,23809.73,34,5.2,Paid Off
23221,2306,3712.54,41,9.13,Approved
60323,5057,11313.24,39,12.73,Paid Off
16800,9482,15792.7,12,3.78,Rejected
69811,9207,20995.39,21,12.43,Rejected
58120,3112,6249.19,25,3.68,Defaulted
74114,1435,25120.29,28,14.78,Rejected
72232,9533,16669.59,21,12.08,Rejected
78722,7131,21550.71,40,11.21,Paid Off
10330,4286,24526.77,59,11.81,Paid Off
43006,6930,3105.59,24,14.65,Paid Off
67459,7445,47179.24,52,6.96,Defaulted
56277,5312,45155.42,20,13.49,Defaulted
60799,4842,25048.31,37,11.08,Approved
96524,1033,6976.23,17,4.84,Defaulted
30097,4227,2482.73,44,11.31,Defaulted
79785,6131,28897.34,40,12.48,Defaulted
61005,1696,19011.15,13,2.09,Defaulted
29335,7409,14493.22,20,3.64,Defaulted
35930,3894,31967.86,58,2.1,Rejected
24484,5780,37567.15,29,9.7,Approved
68955,9553,30682.04,34,7.26,Approved
56257,3682,13993.99,12,5.66,Paid Off
52623,3626,18735.61,49,9.72,Rejected
64267,9533,37672.77,55,3.79,Rejected
33941,7564,1596.5,19,7.71,Paid Off
28225,5844,33227.01,16,14.66,Approved
48905,4454,17358.35,17,14.68,Approved
53894,3659,27038,17,2.15,Paid Off
76726,1068,49832.8,42,6.38,Paid Off
17386,2429,24827.3,20,14.19,Approved
70024,7515,1479.46,58,6.91,Approved
81018,3800,42161.25,15,11.69,Paid Off
16726,7352,13090.91,34,8.57,Rejected
82943,9482,11923.8,32,10.04,Defaulted
74260,7770,15386.5,18,11.93,Defaulted
84698,5926,28464.41,35,7.3,Approved
39340,4904,32051.47,22,5.32,Paid Off
62034,8265,5973.18,58,5.32,Rejected
35442,4919,27122.05,19,13.73,Paid Off
43876,6791,39148.71,46,14.47,Paid Off
96303,5785,12666.26,36,13.23,Approved
50717,8394,44406.58,20,2.97,Paid Off
62013,4197,32060.87,46,9.55,Approved
32919,1276,40831.64,56,4.27,Defaulted
17228,3066,18660.99,12,9.01,Defaulted
66892,3401,34271.09,38,11.44,Defaulted
56373,7647,26334.66,59,2.42,Rejected
15790,7598,15366.67,17,6.14,Approved
78123,8351,7799.68,34,7.85,Rejected
22935,9494,35300.17,31,12.46,Approved
47932,5685,46217.85,60,6.35,Defaulted
99379,2883,45611.61,27,10.18,Defaulted
27589,9553,7518.57,38,4.69,Approved
84513,7647,41671.29,36,3.09,Paid Off
51191,1000,21103.36,44,13.43,Rejected
93285,2883,22632.26,15,2.12,Approved
29637,8190,48428.8,15,12.41,Paid Off
71593,5430,41717.42,12,12.64,Approved
46655,3626,13789.72,38,6.08,Paid Off
40649,3120,38900.02,19,5.31,Approved
12007,9522,12233.56,59,13.91,Rejected
47147,4643,48728.34,41,13.93,Defaulted
95305,2429,10092.11,35,2.6,Paid Off
87843,8688,22121.16,36,7.31,Defaulted
43164,7609,6719.56,17,12.17,Rejected
14182,7353,45389.97,41,7.8,Defaulted
99640,4878,43130.9,32,3.84,Approved
45360,2481,13527.23,35,9.19,Paid Off
40728,9068,37964.48,22,3.13,Defaulted
44671,4367,12422.45,25,8.17,Defaulted
64999,2365,10273.45,19,3.98,Paid Off
62082,9775,6261.04,15,5,Approved
16674,4893,10838.15,20,5.36,Rejected
19902,8067,10549.55,17,10.57,Paid Off
36495,5486,48899.36,22,6.13,Paid Off
56222,8883,48419.07,59,10.83,Approved
90867,7670,36723.03,27,13.61,Approved
86030,9354,33684.68,15,5.06,Paid Off
51597,3328,48576.42,38,2.58,Paid Off
32085,7485,49030.15,16,13.93,Paid Off
15463,6479,6210.5,28,10.92,Rejected
81103,2430,13052.71,56,12.12,Approved
33767,9757,28370.76,33,12.21,Rejected
74543,4515,26827.64,47,7.44,Defaulted
61209,9858,6194.05,23,3.49,Approved
33043,4653,40953.44,42,4.59,Rejected
27716,9553,32633.03,19,12.9,Defaulted
19876,8151,43275.87,12,9.58,Paid Off
48149,7295,15306.77,33,5.05,Defaulted
76950,8691,48511.83,29,7.25,Defaulted
33570,8251,36103.59,54,2.88,Rejected
17768,1000,1388.52,46,4.69,Paid Off
95977,2074,37929.38,46,5.17,Paid Off
44025,3328,48687.05,43,5.79,Approved
27519,1001,10515.29,40,2.28,Rejected
52935,4728,21592.23,56,4.29,Paid Off
92466,6449,48664.65,50,2.11,Approved
58248,6590,11021.37,51,9.42,Rejected
43151,4859,10150.14,50,11.08,Defaulted
37375,3507,36036.85,30,13.49,Approved
21565,2429,37184.22,58,13.02,Approved
39360,2430,10575.52,16,5.92,Approved
12124,3008,1942.31,36,6.81,Rejected
65057,3162,30569.6,55,3.21,Defaulted
32688,8457,39725.46,57,6.98,Defaulted
84027,2981,18927.09,12,10.91,Paid Off
53257,2884,20198.13,38,10.49,Paid Off
41541,5630,22058.79,22,8.01,Paid Off
70660,3048,12902.79,40,11.42,Defaulted
38918,7421,25010.57,37,7.11,Approved
92979,3293,8669.07,13,7.79,Defaulted
97882,1023,28574.98,19,2.34,Approved
24156,2541,28402.17,23,9.73,Approved
60275,5558,11277.42,27,5.59,Approved
98370,4154,7292.49,39,11.05,Paid Off
91180,4711,37339.88,32,5.95,Defaulted
78884,3926,34586.47,45,13.11,Defaulted
95849,1525,2852.28,30,6.55,Rejected
39135,3075,3722.77,29,11.82,Approved
60553,3795,7087.04,25,4.18,Paid Off
45276,7421,25996.54,47,2.94,Rejected
37148,4618,22962.76,23,4.39,Rejected
80757,1946,49552.66,34,5.04,Approved
16852,2711,29764.5,13,8.27,Rejected
16890,2834,12102.12,43,5.85,Rejected
97904,4940,49717.28,46,14.5,Rejected
82844,4662,14995.68,23,11.9,Defaulted
79571,4197,18041.57,41,5.25,Paid Off
22915,2633,27623.63,35,13.23,Rejected
37077,2979,13135.5,41,6.89,Approved
94439,7987,29781.47,13,7.55,Approved
74230,1106,24623.85,50,4.59,Defaulted
50473,3749,45096.11,43,4.98,Paid Off
32705,4418,31861.74,46,8.48,Rejected
24149,6924,22849.08,13,4.77,Rejected
27692,9207,20123.88,54,2.57,Rejected
94976,2481,34623.25,32,9.01,Paid Off
97871,9973,33746.54,23,9.07,Rejected
22130,1161,43363.56,60,6.22,Defaulted
78748,3668,4811.59,58,10.79,Rejected
58230,9791,6701.23,19,12.15,Paid Off
38607,8162,42207.99,37,6.24,Defaulted
20284,9153,46722.41,44,10.45,Paid Off
51828,9518,12740.86,12,14.47,Defaulted
27102,3215,27989.46,41,13.09,Paid Off
64025,4893,48073.02,46,6.13,Approved
32525,7879,9863.21,32,13.63,Paid Off
73877,6874,11225.38,44,3.65,Approved
28581,9356,18419.36,24,8.01,Approved
35264,2934,45586.47,48,8.52,Paid Off
76110,8630,23348.61,31,3.79,Defaulted
66542,3371,30188.91,21,12.81,Rejected
69650,6191,42790.12,18,12.66,Defaulted
21248,4366,46471.73,37,13.59,Rejected
12493,9048,4228.59,27,12.99,Rejected
61712,6943,22725.43,24,9.65,Rejected
57882,3863,18164.04,42,5.24,Rejected
29176,2948,49316.58,38,13.79,Paid Off
74345,6271,17369.79,36,2.69,Defaulted
10377,9190,1044.67,36,2.52,Defaulted
38581,3951,2244.16,36,8.03,Paid Off
58953,4454,4792.35,60,4.83,Approved
20572,6167,44516.87,44,11.14,Paid Off
86818,1542,49735.19,58,14.82,Approved
51606,1106,48649.16,26,12.74,Paid Off
18996,4643,23732.42,30,11.65,Rejected
11165,1145,41820.45,37,13.45,Paid Off
27075,6490,26483.17,20,6.2,Approved
54325,2834,32735.73,21,8.84,Defaulted
61112,9252,38496.19,42,10.45,Rejected
35025,7598,14944.52,39,9.96,Paid Off
47321,2642,17036.87,14,10.19,Approved
93978,7228,40310.03,33,7.26,Paid Off
57336,1946,42520.6,44,8.56,Defaulted
22092,7445,28716.99,36,14.47,Approved
60868,2543,26029.77,46,12.05,Approved
63486,4484,34501.05,51,4.47,Rejected
35893,1371,1458.73,53,13.67,Rejected
22409,5056,40166.52,45,11.16,Paid Off
75348,9897,1854.84,37,5.89,Approved
23895,5918,27323.8,14,6.34,Defaulted
91037,6590,33204.68,17,8.68,Approved
42176,8186,49055.97,52,2.11,Defaulted
12838,4921,44937.44,16,4.83,Approved
18044,3942,14180.14,41,3.72,Defaulted
40477,6943,17162.86,36,13.23,Defaulted
67577,9858,14755.49,50,10.58,Approved
21188,1779,47518.43,27,9.41,Rejected
92339,2362,10958.93,49,10.55,Approved
78384,5910,9570.28,43,5.59,Approved
82188,5596,30203.93,25,3.02,Rejected
46285,3401,5924.19,58,4.36,Approved
75514,2499,26398.76,33,14.47,Rejected
16724,3299,49936.72,51,13.98,Rejected
92005,5341,22378.51,37,12.12,Defaulted
95779,2208,30436.59,29,4.81,Rejected
45837,5092,41479.64,17,2.6,Approved
36117,9543,23651.21,41,9.99,Paid Off
42829,3886,45740.69,22,5.51,Paid Off
33516,1033,39761.13,30,5.55,Defaulted
21876,5352,48620.1,58,4.12,Rejected
54067,7218,6229.91,57,11.68,Defaulted
51029,1400,7753.66,45,6.28,Approved
26704,3328,15058.45,57,5.09,Paid Off
25112,6500,33392.66,36,9,Defaulted
27816,7628,11060.17,43,2.73,Paid Off
82874,7156,47798.03,57,13.6,Rejected
97443,6672,45316.1,18,2.04,Approved
56618,8807,4497.24,12,6.16,Rejected
69762,3048,11885.39,22,11.22,Approved
55615,8807,44744.08,55,11.93,Defaulted
47203,1290,30130.51,19,9.55,Rejected
84887,6405,43271.77,35,11.05,Paid Off
80902,7582,20238.13,27,8.03,Paid Off
60346,8675,18928.68,49,9.77,Paid Off
91822,3303,15306.73,55,5.99,Rejected
57009,6043,3424.49,19,4.16,Rejected
97759,1050,5142.78,31,5.89,Paid Off
79945,3714,39895.81,19,9.54,Defaulted
50003,7726,13993.22,51,9.6,Rejected
17623,2780,21599.88,56,10.26,Approved
52241,9475,28955.47,26,14.74,Defaulted
52110,7297,8968.01,51,9.96,Paid Off
68253,7024,14040.23,49,4.09,Approved
46095,3066,20436.52,17,9.95,Defaulted
95349,3902,48786.59,37,4.59,Approved
29474,6177,9382.79,44,7.8,Rejected
83302,9665,37304.9,36,13.84,Rejected
20248,3716,7508.5,29,4.26,Defaulted
44900,9467,31690.61,27,3.92,Approved
72000,6335,12224.89,13,7.41,Defaulted
63404,1529,46527.7,40,13.23,Rejected
76480,1178,37366.86,23,4.34,Paid Off
43105,8635,10961.91,33,6.36,Paid Off
47192,6356,43290.9,28,4.06,Rejected
39373,9354,13951.67,12,6.32,Rejected
76610,1451,35951.42,51,7.57,Defaulted
38457,6782,18993.79,53,6.98,Approved
50357,9530,34975.94,13,2.43,Defaulted
44655,9643,42877.95,47,6.69,Paid Off
90814,4996,36868.5,25,11.7,Defaulted
56354,2208,3456.29,20,2.03,Approved
82039,9153,9605.02,19,2.82,Paid Off
91489,5383,16249.54,16,7.49,Approved
93991,9318,21049.14,39,10.76,Paid Off
27148,4566,5146.21,23,5.09,Defaulted
71047,6590,8646.94,44,11.15,Defaulted
19904,7628,42244.44,32,3.96,Approved
77817,9665,27839.68,51,9.7,Paid Off
45500,8363,9811.54,18,3.42,Paid Off
38496,2002,49243.59,30,8.96,Paid Off
18113,6714,49611.79,22,12.75,Approved
71126,3992,30870.72,48,5.65,Defaulted
25475,8082,8157.62,59,9.21,Paid Off
51332,4704,21503.06,40,8.22,Paid Off
69917,2481,43403.74,26,7.02,Approved
39321,4154,20453.4,29,2.01,Approved
55426,5274,47838.45,13,3.92,Rejected
95438,1529,44089.45,15,12.43,Approved
31248,4838,36442.65,12,7.18,Defaulted
84835,4662,45433.17,24,10.82,Approved
69537,2979,23531.39,44,4.87,Defaulted
75198,4194,9246.25,56,13.98,Defaulted
56166,9011,6363.42,55,2.6,Defaulted
71067,7273,26460.46,52,14.79,Approved
58981,8870,24745.06,21,2.12,Approved
92310,4909,26976.67,48,10.06,Paid Off
12279,7628,16707.06,27,13.3,Defaulted
63494,8641,41705.28,21,11.55,Defaulted
87745,4120,7627.52,24,14.36,Paid Off
87844,4367,14410.42,59,2.26,Defaulted
51219,5688,3966.49,32,13.26,Approved
66309,1944,29350.63,32,3.93,Paid Off
52786,2952,4916.6,28,2.71,Rejected
21564,3004,2314.89,19,2.19,Approved
66879,4162,18819.67,16,5.65,Rejected
16656,7723,16980.63,17,8.8,Approved
32171,5003,34706.55,30,12.16,Paid Off
38595,9726,20348.39,28,4.79,Rejected
15016,1773,24648.72,15,13.8,Paid Off
13920,4971,43342.86,49,7.03,Approved
44004,5341,3325.18,29,6.47,Paid Off
56010,3299,2004.23,23,3,Rejected
51972,1362,22439.04,58,10.27,Approved
52319,3752,26359.16,44,11.37,Defaulted
98005,4768,26478.58,42,11.67,Paid Off
46836,5756,11756.9,27,7.9,Rejected
91190,7901,48246.2,18,10.67,Rejected
65010,7564,24111.61,37,5.84,Paid Off
25590,2150,29369.91,27,2.32,Approved
63081,9734,43088.8,57,9.02,Defaulted
30571,3926,2111.28,26,8.45,Paid Off
49852,8807,34526.52,46,11.8,Rejected
91834,2481,30805.88,20,4.89,Approved
11541,2642,12031.12,12,2.21,Rejected
86588,2389,2977.35,12,4.27,Rejected
29331,3847,37269.73,55,4.17,Defaulted
66778,5089,33749.95,33,3.79,Defaulted
27917,6782,16123.93,57,3.47,Defaulted
81237,2535,49149.1,54,14.92,Rejected
16788,2473,42740.38,41,3.7,Approved
95981,4418,22459.92,58,11.59,Approved
13773,1758,14783.65,60,14.16,Defaulted
85303,9890,7237.7,46,9.84,Defaulted
40036,1091,44390.28,20,6.9,Approved
76699,3529,11743.52,12,2.23,Defaulted
64734,5765,27414.31,26,7.14,Rejected
45011,5092,37583.44,40,11.86,Rejected
55905,6382,48287.19,50,6.45,Defaulted
17448,9530,28327.07,27,6.39,Rejected
74167,3863,16988.18,56,10.55,Rejected
96346,9861,28329.39,35,12.98,Rejected
21465,2831,22120.47,16,9.05,Defaulted
47270,2402,49258.51,28,13.62,Paid Off
72941,1710,11786.57,15,12.11,Rejected
54058,7706,49397.16,18,3.32,Paid Off
16373,9522,45193.73,54,2.12,Approved
80295,3003,49237.58,27,11.19,Approved
97775,9467,8523.98,21,5.77,Approved
82192,7485,26602.48,15,8.98,Rejected
16850,1106,30077.79,32,4.9,Defaulted
69786,2490,2379.63,19,3.36,Rejected
76128,3863,24872.53,41,10.26,Paid Off
69694,8237,37144.72,13,8.46,Rejected
78287,5554,30006.83,28,7.17,Approved
97769,5511,11812.94,30,7.46,Approved
16047,7582,34715.89,28,11.54,Paid Off
48124,1406,4254.6,13,6.62,Rejected
95061,3161,43940.68,16,7.47,Approved
45975,4227,15800.86,28,10.82,Approved
83209,9482,26562.08,37,11.52,Approved
94954,6008,11852.39,46,5.68,Approved
20075,7203,23737.91,37,7.79,Paid Off
58164,7227,48749.7,36,6.01,Defaulted
65021,5558,17958.57,31,2.22,Paid Off
12263,3749,29511.55,31,6.63,Defaulted
50351,7415,34458.55,45,8.09,Paid Off
69183,1777,40537.15,39,5.91,Rejected
72793,7778,2609.68,58,4.04,Paid Off
31695,7044,21801.51,56,11.58,Paid Off
10349,5596,22713.97,16,11.47,Defaulted
32643,6913,40307.29,17,11.31,Paid Off
87475,8190,22873.27,36,9.01,Defaulted
69958,3926,39001.07,37,13.2,Defaulted
93196,1406,12142.6,36,5.71,Approved
31266,5142,40019.3,17,11.09,Paid Off
72157,2418,39145.79,18,12.37,Approved
19939,7970,9948.69,35,12.38,Defaulted
19492,3330,42709.88,44,12.08,Paid Off
32151,9791,20335.67,59,5.69,Defaulted
54326,6019,46326.4,38,9.89,Approved
75565,4366,46177.86,60,9.13,Defaulted
81929,6253,30913.44,52,9.34,Paid Off
80413,5300,2530.87,14,5.7,Rejected
68092,6030,24178.73,28,13.77,Paid Off
59643,6454,37914.39,24,2.33,Rejected
62729,2750,11588.12,54,6.77,Defaulted
28889,3715,38455.66,43,10.33,Rejected
74102,5508,23106.1,20,13.89,Defaulted
69674,8379,16006.53,52,9.71,Paid Off
82914,4094,43830.2,27,13.7,Rejected
67533,5663,30932.27,33,4.33,Approved
82548,2347,7197.53,22,6.33,Paid Off
44405,2449,26342.31,14,11.11,Paid Off
92543,4653,14030.81,45,9.9,Defaulted
44603,9318,22499.2,48,10.57,Approved
55772,7353,17099.9,23,2.06,Approved
91831,4639,28366.97,50,14.05,Defaulted
25930,1371,35953.84,44,10.66,Paid Off
74078,9435,35481.17,26,12.67,Rejected
35999,5604,40804.25,57,4.91,Paid Off
22673,8753,8684.68,38,6.98,Approved
88808,9401,10607.63,32,12.72,Approved
40096,6645,47687.34,37,2.33,Rejected
12952,8630,10412.88,54,12.87,Defaulted
33997,3877,29459.22,14,7.78,Paid Off
34528,1023,23665.59,17,8.16,Approved
60531,4027,47070.27,51,10.24,Paid Off
13255,2708,34334.36,25,7.63,Defaulted
12192,6271,2127.97,57,8.56,Paid Off
13814,7373,28203.92,33,12.43,Defaulted
16883,4893,36272.43,44,6.76,Paid Off
10891,2883,3387.3,55,14.07,Paid Off
96492,4367,4373.82,23,14.13,Rejected
23171,5198,28055.39,53,3.01,Defaulted
91066,3952,13984.73,46,11.79,Paid Off
81309,1892,40501.53,15,5.39,Defaulted
90336,3398,36501.17,29,10.84,Defaulted
28794,2221,1735.13,12,7.89,Rejected
44398,4552,24543.71,48,8.08,Rejected
53061,7492,47681.78,15,11.98,Rejected
48660,2208,36438.32,60,8.92,Rejected
60872,3004,16118.4,41,6.52,Approved
83378,8245,16830.41,53,8.24,Defaulted
98272,3197,22580.92,21,2.16,Rejected
59073,7409,30700.92,35,3.64,Paid Off
81133,3535,19093.78,38,7.87,Approved
79768,7381,15760.99,18,9.83,Defaulted
76949,3003,34325.88,18,6.28,Rejected
49616,9431,47390.43,15,2.18,Paid Off
18425,7365,31476.65,51,6.45,Rejected
96894,1362,35660.89,48,4.87,Rejected
30927,3567,4506.09,27,10.12,Defaulted
90176,3554,1777.54,57,10,Paid Off
30269,2389,28819.31,36,4.33,Approved
20934,5426,11000.73,21,14.74,Paid Off
93162,5246,46554.82,57,9.95,Defaulted
94081,5090,48324.06,47,2.31,Defaulted
76765,4115,28386.33,46,7.09,Rejected
60066,7770,43095.26,18,5.14,Paid Off
80002,6310,10326.66,13,6.57,Paid Off
44745,6001,49491.95,59,12.36,Approved
72840,7332,43649.69,25,7.33,Paid Off
74438,6001,41475.78,14,3.31,Approved
20857,3554,23798.3,53,11.49,Paid Off
22671,2490,22666.06,37,10.25,Defaulted
87105,3386,44472.93,24,6.81,Approved
82866,1327,29997.65,34,2.4,Approved
81449,8926,49509.78,14,2.35,Rejected
24751,8237,13193.46,38,12.12,Defaulted
86581,1406,42586.39,32,6.61,Paid Off
66819,4950,43677.76,45,12.84,Rejected
63809,2402,28085.96,47,2.71,Paid Off
22516,4163,34333.57,59,3.48,Defaulted
62386,4814,5787.51,20,5.1,Defaulted
11481,6836,9211.38,53,6.41,Approved
76717,3004,4841.02,50,8.71,Paid Off
29486,1080,34642.07,47,11.63,Paid Off
69430,2582,26969.41,60,7.08,Paid Off
55138,2981,37375.06,49,5.09,Paid Off
95452,4976,11946.97,45,10.24,Paid Off
90157,5198,28168.96,36,8.28,Defaulted
81494,1622,15622.69,56,14.45,Approved
14607,6238,12261.12,12,11.18,Defaulted
63619,5910,42692.34,58,4.47,Paid Off
26127,1405,4573.77,22,13.45,Approved
52169,5522,42796.72,47,9.96,Defaulted
82822,6071,24854.13,32,2.71,Approved
95093,7937,49898.28,55,10.72,Defaulted
34585,6918,18272.94,49,10.28,Paid Off
61898,1406,26748.07,14,8.05,Rejected
22161,1080,18273.28,39,12.36,Defaulted
37699,4971,40603.6,46,11.92,Defaulted
82957,6743,33498.69,47,3.91,Rejected
82719,5486,12171.29,58,5.37,Rejected
26161,1001,11182.84,39,14.92,Rejected
67540,5548,47667.95,38,9.23,Defaulted
17882,7282,33595.93,56,10.36,Rejected
17855,7748,11060.36,43,13.12,Rejected
85296,6500,18013.26,32,6.5,Rejected
44320,2746,30668.88,24,13.12,Rejected
95187,8986,23198.46,56,11.04,Rejected
10246,3529,48418.69,22,5.19,Paid Off
85118,9724,23009.01,14,4.4,Paid Off
80425,5139,22504.85,45,13.21,Paid Off
46679,4031,29162.74,25,12.66,Rejected
27300,3626,9645.1,58,10.2,Approved
66683,1319,39525.05,56,8.01,Rejected
89719,4996,5743.64,15,3.38,Rejected
49475,7747,48385,26,4.25,Approved
10206,8351,25058.3,49,6.94,Rejected
33278,8330,48851.41,36,9.11,Approved
62698,3020,6172.34,37,14.39,Defaulted
25838,1371,5056.55,51,2.85,Approved
76066,7127,23903.64,21,7.04,Rejected
63059,1398,41822.83,18,11.22,Defaulted
66434,6447,2498.83,52,10.54,Paid Off
91998,7957,25236.63,53,14.18,Rejected
91380,9897,28351.85,37,3.44,Rejected
46821,6450,40211.36,13,13.5,Defaulted
32767,5765,29384.5,42,3.75,Rejected
49708,6743,5006.9,25,11.56,Paid Off
93486,3120,8345.62,34,6.76,Paid Off
22830,3787,46930.36,50,12.28,Approved
77461,8647,10204.3,25,4.75,Paid Off
14511,4565,20947.63,48,5.74,Approved
18922,2543,9065.04,24,3.72,Paid Off
89184,3859,23111.86,46,3.09,Defaulted
41713,9877,20790.38,32,4.12,Rejected
27496,2702,22139.53,54,7.63,Paid Off
46179,8415,37196.18,23,5.97,Rejected
11980,4552,27555.15,41,5.46,Paid Off
25767,2468,42152.26,34,13.24,Approved
99283,3293,27025.09,15,4.32,Approved
22942,3643,8072.13,47,4.38,Paid Off
64784,2280,44752.95,50,9.89,Approved
35465,9553,6754.47,60,9.9,Rejected
99553,3299,28693.15,33,14.45,Paid Off
71162,1337,2559.58,21,2.45,Defaulted
78847,3679,39085.26,29,13.94,Defaulted
19112,5548,41402.49,59,8.05,Paid Off
15624,2764,30145.21,24,8.94,Approved
12199,5713,36391.93,45,7.43,Paid Off
55645,1319,15342.63,32,11.65,Approved
79015,9068,9496.02,33,8.4,Paid Off
39743,8102,38922.27,23,10.22,Defaulted
12396,6220,21240.43,26,10.47,Defaulted
88812,6447,19098.88,20,12.09,Approved
94656,3706,18973.9,16,9.65,Rejected
11211,8172,11589.93,19,2.07,Rejected
32252,2481,4107.8,37,14.38,Rejected
17106,8449,16182.53,56,12.3,Rejected
58269,6645,13765.26,31,7.11,Approved
71313,7085,4571.07,47,3.17,Approved
51764,2282,29337.41,42,4.92,Rejected
93251,8860,29029.73,28,7.25,Defaulted
78782,2411,11853.22,17,4.91,Paid Off
70313,2429,8494.9,25,13.86,Defaulted
76290,8457,1225.92,57,11.27,Rejected
63892,8456,32099.16,29,3.42,Paid Off
24236,3537,28625.39,50,13.3,Rejected
74783,2498,34604.87,39,12.18,Paid Off
68492,8962,14637.68,13,5.26,Rejected
47671,4003,18277.09,36,14.06,Defaulted
68352,2846,26302.21,49,12.36,Paid Off
66843,9173,44423.68,41,14.58,Defaulted
60237,6191,43581.91,32,11.17,Defaulted
38874,9900,41864.15,37,13.01,Paid Off
32389,5202,22101.84,55,14.22,Approved
31188,3900,15676.17,26,4.24,Paid Off
29919,8041,10696.95,31,14.45,Approved
23065,5688,47369.68,57,11.71,Paid Off
36582,4031,45254.84,60,13.62,Approved
42122,6405,37363.4,37,11.26,Paid Off
31172,6755,39620.75,41,14.5,Rejected
33770,4618,42014.85,14,2.78,Approved
14121,2002,14390.71,12,14.42,Approved
97890,4854,36937.72,49,5.2,Rejected
11392,3398,27549.15,56,11.39,Paid Off
86357,1917,40472.3,42,4.46,Approved
74083,4817,27705.35,40,12.64,Paid Off
99188,3827,44502.83,42,3.25,Paid Off
57755,4306,22498.41,32,10.92,Approved
87184,1428,21120.29,49,11.42,Approved
92818,5575,16133.74,57,3.35,Paid Off
99861,2026,27406.68,29,12.63,Paid Off
14177,9435,25675.16,57,5.21,Approved
31921,6239,22933.86,49,10.94,Defaulted
84769,9048,30520.22,47,11.41,Approved
71328,9726,49334.1,49,13.93,Rejected
85785,3569,10602.09,48,11.96,Paid Off
59553,7564,3451.21,17,8.86,Approved
73682,8033,23581.35,50,3.85,Approved
26442,6447,14151.05,57,7.89,Approved
79809,9103,28281.9,18,6.4,Paid Off
11200,7670,5629.46,33,13.39,Rejected
93815,9435,16756.75,30,8.01,Paid Off
80318,2481,25789.15,51,4.57,Paid Off
92258,9482,5480.33,54,2.78,Defaulted
82562,7085,26673.18,16,11.52,Rejected
89636,4591,39393.38,31,12.01,Paid Off
88021,4662,13664.64,46,5.14,Defaulted
50702,5179,45338.66,45,4.25,Paid Off
85827,5003,38005.77,47,8.83,Approved
52379,2028,17455.49,51,7.01,Defaulted
16212,9167,19279.87,60,14.44,Approved
35832,9068,10946.29,43,9.06,Defaulted
68831,6418,8879.82,28,2.49,Approved
40756,7373,27984.33,19,11.83,Defaulted
92893,8326,43929.27,54,7.46,Defaulted
90642,7640,21178.82,16,2.2,Defaulted
73257,2711,21535.87,56,3.65,Rejected
49597,3161,3217.81,20,7.27,Rejected
38004,9973,25834.12,35,13.36,Defaulted
62333,3790,6406.18,20,9.11,Defaulted
98975,3714,11378.31,52,11.68,Approved
61029,8176,5154.7,56,13.19,Defaulted
28891,2620,25292.87,16,14.87,Paid Off
82882,4662,33501.03,53,2.69,Defaulted
89766,5709,21539.75,33,2.33,Rejected
99974,4561,30586.21,25,2.48,Rejected
47747,3541,14747.55,59,13.81,Paid Off
31281,2449,21009.74,28,8.04,Rejected
36725,2723,11857.2,24,10.85,Paid Off
10992,9494,46413.88,30,9.47,Rejected
17478,6913,42090.49,33,12.8,Approved
51193,9607,19361.63,28,6.68,Approved
57334,3299,9600,34,3.13,Rejected
74247,5300,10477.75,27,11.56,Defaulted
34737,2365,16493.53,47,3.94,Paid Off
54642,6677,32055.73,14,2.76,Approved
15333,4768,18812,45,14.36,Defaulted
12456,8176,15710.85,17,7.15,Rejected
25902,8753,18886.69,26,3.79,Paid Off
22330,5889,44970.89,34,5.69,Rejected
68800,9858,31244.5,15,10.86,Paid Off
32065,4115,41921.34,17,11.5,Paid Off
28975,2831,15301.56,43,7.24,Defaulted
85039,6108,42648.58,22,11.59,Paid Off
80178,6001,6576.34,47,12.38,Defaulted
69883,8734,45929,28,13.54,Approved
92823,2473,10713.95,31,13.09,Paid Off
33812,9042,4788.53,18,13.36,Defaulted
30868,8939,21577.08,47,2.3,Rejected
98946,1428,30062.99,46,5.44,Paid Off
86771,2750,20352.54,37,3,Paid Off
19152,9468,4997.7,26,6.9,Rejected
74847,3075,47534.61,12,5.75,Rejected
44374,7778,48764.51,16,4.45,Approved
58692,2642,23172,35,12.11,Paid Off
32977,7564,36430.89,18,14.75,Approved
27976,6840,26289.74,24,7.29,Rejected
66282,8870,26282.28,41,6.8,Approved
27949,2411,2360.39,23,10.63,Rejected
19316,4595,37078.3,42,13.86,Paid Off
80728,3952,25354.14,28,14.27,Approved
66414,8802,46985.53,13,7.72,Defaulted
48156,1406,4314.09,60,3.44,Approved
95326,7901,38366.59,48,8.14,Defaulted
44342,9266,2122.21,13,11.06,Defaulted
89065,3631,49879.5,17,8.28,Rejected
79368,8606,43133.85,54,5.93,Rejected
26041,6518,13788.15,45,12.8,Rejected
39151,8364,39730.08,16,8.21,Approved
80782,1371,26567.9,37,11,Defaulted
95414,9118,47897.91,13,11.51,Defaulted
86044,3853,32159.71,52,9.58,Defaulted
11046,9068,1647.11,53,10.93,Rejected
51457,9189,15642.14,59,7.48,Approved
32111,9608,6307.39,41,5.57,Approved
37067,6920,3608.78,40,6.48,Approved
14996,5334,32640.5,33,14.22,Rejected
47447,3398,45472.46,31,5.12,Approved
40776,2280,46866.37,18,12.22,Paid Off
56813,4653,14925.16,25,6.05,Approved
37441,9522,18237.92,46,10.89,Paid Off
39696,7292,45448.51,54,4.87,Rejected
91113,3779,30319.81,59,10.77,Approved
59983,7445,32098.95,46,10.8,Defaulted
47286,5658,11924.07,26,8.75,Defaulted
50406,3011,37721.69,28,9.62,Approved
56131,9522,4994.47,53,13.27,Defaulted
87247,6638,14234.22,26,9.25,Approved
86552,7373,22798.73,35,8.99,Defaulted
37609,2172,42779.06,52,6.23,Rejected
81436,6638,7204.56,19,8.49,Paid Off
29488,9608,30541.98,37,5.85,Rejected
21778,6267,11353.13,31,3.73,Paid Off
94960,9303,10128.47,16,10.04,Rejected
39220,7175,7042.75,49,5.11,Approved
34610,6907,46141.84,42,2.88,Defaulted
54631,4454,27687.97,33,11.34,Approved
81956,9431,30887.39,60,5.71,Approved
14543,4976,42049.58,37,4.13,Rejected
25981,9926,37046.11,54,14.08,Paid Off
99741,3644,31052.11,20,6.34,Paid Off
54260,1263,39371.64,47,13.37,Approved
30251,4159,44395.57,17,10.21,Approved
17022,7347,40575.78,45,7.63,Defaulted
55518,4254,37205.63,21,10.36,Rejected
92382,8734,7428.39,60,5.94,Rejected
85637,7228,25925.65,32,6.12,Rejected
32678,8013,16164,50,10.67,Approved
44116,6450,12340.08,16,10.41,Approved
18235,7691,5868.96,13,4.79,Rejected
60954,7625,28771.7,39,3.6,Paid Off
61507,4339,4423.94,48,14.51,Approved
75473,6239,16745.58,44,10.06,Approved
61301,5717,28450.78,33,14.8,Rejected
96112,5832,12113.26,55,14.15,Paid Off
65423,2764,48266.64,45,14.53,Defaulted
97056,9900,49528.36,58,13.33,Paid Off
49896,4366,40415.49,56,7.29,Approved
97789,7937,12483.12,41,6.21,Rejected
38618,6645,42995.03,16,8.25,Approved
88589,6824,41007.38,42,4.3,Paid Off
81518,3905,12659.64,49,3.03,Paid Off
41041,3631,37303.61,42,9.9,Approved
77945,9858,13436.24,18,11.97,Rejected
13552,7297,12032.22,21,15,Rejected
10761,8606,45931.56,45,8.69,Rejected
57020,1452,41697.41,16,11.32,Approved
94436,5564,41822.75,21,11.47,Paid Off
63156,1435,34281.27,41,10.79,Rejected
22054,9791,31727.28,37,6.84,Defaulted
96883,7492,40202.78,15,9.09,Rejected
75520,5142,49160.6,26,3.89,Paid Off
11202,4408,40552.99,40,7.7,Approved
35593,8897,14460.1,57,12.3,Approved
57189,2111,37404.38,24,14.24,Paid Off
79905,4639,39141.43,57,10.03,Paid Off
30399,4878,36873.6,12,14.08,Approved
93274,7228,31632.81,47,3.23,Paid Off
38042,4885,33836.52,43,14.45,Rejected
11026,1917,18857.44,60,5.36,Defaulted
13484,7024,43794.51,23,12.58,Defaulted
16043,2321,46522.33,28,6.82,Approved
85447,5082,35314.64,20,10.05,Defaulted
16860,3714,31862.28,42,12.2,Approved
27040,3714,4812.99,43,9.74,Rejected
85053,9199,32950.05,38,9.5,Rejected
42195,5873,2496.33,36,3.06,Paid Off
18386,6466,31312.28,43,6.01,Rejected
25359,4618,24602.07,60,13.59,Paid Off
73206,2492,9973.52,56,9.2,Rejected
29640,1080,26816.5,26,14.83,Rejected
86915,7812,37562.1,26,14.57,Approved
17795,8948,3230.93,60,9.55,Rejected
71888,2535,45249.84,56,11.91,Defaulted
90587,9665,13828.85,21,12.79,Paid Off
29550,6131,33676.5,22,8.4,Approved
18453,7353,10832.15,18,4.85,Approved
76121,1622,29226.91,43,5.92,Rejected
29225,5780,36193.01,38,6.32,Defaulted
90735,9076,39891.12,60,12.15,Rejected
20187,1094,7350.81,19,9.08,Defaulted
75751,2688,41440.54,52,9.21,Defaulted
40490,5127,43155.98,59,14.47,Paid Off
60218,8726,29238.43,22,4.47,Rejected
52288,6030,17259.08,44,3.11,Paid Off
52001,7163,13806.21,59,3.43,Paid Off
26781,2672,7922.25,20,12.91,Defaulted
47092,5926,6596.38,41,5.27,Rejected
34537,1549,12746.86,36,14.41,Paid Off
12540,7132,44657.82,24,2.41,Approved
85223,4921,5263.53,43,13.81,Defaulted
72284,3644,38925.94,31,11.89,Paid Off
78387,5604,42862.19,51,14.81,Defaulted
90280,3714,8170.43,24,3.74,Rejected
67231,9607,43792.97,30,4.73,Paid Off
87814,3207,49755.11,23,11.99,Paid Off
13272,9937,4551.6,31,6.57,Rejected
42291,8939,15364.83,12,14.84,Rejected
41257,8154,11675.36,17,2.55,Paid Off
10458,7609,5944.23,49,2.62,Defaulted
35348,9735,40765.29,13,3.52,Rejected
23004,7806,46682.09,12,6.71,Paid Off
20613,5495,21004.81,39,13.32,Defaulted
97599,2939,25958.27,18,4.25,Defaulted
52331,2177,18182.53,16,7.39,Rejected
31262,7749,37812.8,39,11.77,Rejected
68334,6479,32385.59,48,14.24,Rejected
91534,3112,25440.49,30,11.54,Defaulted
14822,9273,14221.63,40,6.54,Rejected
15437,4553,39739.08,55,6.72,Approved
43055,9419,35231.97,29,4.81,Rejected
80371,9861,45117.9,43,5.25,Defaulted
58616,6310,28964.63,36,10.03,Paid Off
72549,5978,36982.84,44,9.18,Defaulted
83196,7947,22356.22,56,5.72,Defaulted
45730,2724,20293.88,12,2.92,Approved
52489,8041,41732.12,54,5.73,Paid Off
44779,8410,24236.62,44,13.79,Rejected
27966,2111,1489.52,19,5.97,Defaulted
23939,7860,27771.06,54,9.78,Rejected
17043,6678,1254.56,33,12.55,Defaulted
71807,4465,3797.97,49,11.69,Defaulted
74589,2361,29091.92,26,11.45,Defaulted
37921,9105,44775.87,28,7.77,Rejected
38013,5496,11250.87,12,10.23,Defaulted
85300,4121,33952.94,56,12.12,Approved
94630,1039,19454.64,19,6.18,Defaulted
23755,5151,6175.67,51,8.18,Approved
55061,1106,22737.51,44,3.22,Defaulted
98224,5196,43795.51,35,8.87,Rejected
97057,9207,2841.61,52,4.76,Approved
49443,5713,27351.36,58,2.47,Defaulted
99465,6450,32193.41,48,2.77,Approved
13621,2582,29158.1,18,6.36,Paid Off
95721,8614,13406.65,18,7.52,Rejected
88273,8686,44584.89,35,6.61,Approved
74108,6602,26186.14,54,14.48,Rejected
58958,9858,47262.41,55,4.86,Paid Off
15791,3075,12652.47,42,4,Defaulted
16254,1091,39823.02,46,13.91,Paid Off
21931,6988,5245.19,33,7.05,Defaulted
72507,2362,17761.15,24,4.28,Defaulted
26378,9514,22781.85,28,9.45,Defaulted
77103,2750,39234.58,16,7.23,Approved
89055,8456,28764.71,34,12.09,Approved
60161,7860,12837.42,42,13.81,Approved
70044,1753,36918.44,13,5.22,Paid Off
75480,5630,31826.31,21,2.81,Paid Off
49620,2280,11140.76,51,2.68,Rejected
27769,4182,35568.8,50,6.33,Rejected
54417,4159,8941.74,15,14.62,Rejected
56790,4294,48632.39,47,7.47,Defaulted
14336,3929,11277.58,43,14.97,Paid Off
79613,1606,46391.02,23,14.24,Defaulted
38119,8264,27811.72,28,13.27,Defaulted
66078,4227,8047.82,13,3.91,Rejected
71085,8883,14346.58,23,8.62,Defaulted
23567,6052,35226.35,47,11.75,Rejected
23759,3942,6641.3,22,4.46,Paid Off
47914,8397,32695.22,15,2.26,Defaulted
75991,7174,23943.24,16,4.72,Approved
79624,4859,39901.87,20,14.21,Rejected
57717,9757,31938.24,47,14.39,Paid Off
27180,5151,21205.47,21,5.53,Defaulted
43517,2307,25287.45,22,7.66,Rejected
35316,6738,47597.91,17,11.97,Defaulted
55493,5057,10126.06,42,6.47,Rejected
12425,8186,32917.22,23,11,Rejected
18328,9522,46489.41,21,8.92,Rejected
31253,5727,33837.68,54,12.93,Rejected
44305,5685,25854.81,28,2.28,Rejected
37511,2834,26219.27,35,7.4,Defaulted
39182,8364,35114.25,44,8.68,Paid Off
18555,2208,12081.2,42,12.19,Approved
88228,2473,23084.58,27,4.52,Paid Off
22986,2074,48425.27,28,7.87,Paid Off
16241,3328,14869.01,54,4.83,Approved
93699,8394,19775.19,33,13.55,Defaulted
99280,8883,30026.09,41,8.47,Paid Off
30734,4653,49281.71,40,10.3,Rejected
66288,6661,37578.36,42,14.97,Defaulted
58782,5548,41617.22,27,7.98,Approved
77370,2757,10568.42,14,4.77,Approved
32820,1052,26579.02,59,6.46,Defaulted
43923,3714,18479.17,23,8.07,Paid Off
59818,5596,25785.47,55,4.9,Approved
43251,1023,12758.57,22,4.42,Paid Off
86903,9780,16760.49,57,11.73,Defaulted
23305,1452,38270.65,37,13.34,Rejected
47573,6220,9154.11,21,11.89,Paid Off
10831,9226,21233.62,47,2.74,Rejected
72428,7409,29947.79,48,8.16,Rejected
62564,5978,1061.02,13,10.91,Rejected
20611,6913,11634.86,24,5.5,Paid Off
18316,2708,15437.47,52,8.03,Rejected
12874,6480,30759.72,39,7.77,Approved
27679,6421,49968.88,48,6.13,Defaulted
76415,3075,38609,36,3.19,Paid Off
34242,2374,11755.58,23,14.43,Rejected
72352,4704,30666.54,29,3.88,Defaulted
22188,9470,34364.56,31,12.65,Rejected
14902,4027,22145.17,55,2.19,Paid Off
89015,7465,22419.14,49,12.37,Paid Off
88663,3715,10404.11,42,9.32,Approved
93001,3859,28910.37,20,2.9,Approved
86491,1290,22665.99,23,5.63,Rejected
88092,5610,22797.53,30,13.93,Defaulted
97537,7294,7407.36,54,5.92,Approved
22259,9926,41674.29,47,5.18,Paid Off
50061,5646,6431.38,44,14.09,Rejected
88982,6951,12863.57,12,11.75,Defaulted
90344,1702,16763.32,28,3.79,Rejected
89455,8312,5624.51,41,11.5,Paid Off
33955,9027,16704.39,15,4.58,Paid Off
88885,1094,37333.58,16,11.1,Paid Off
38456,3303,29761.17,13,6.35,Approved
89090,6743,29421.77,26,7.09,Defaulted
21621,7703,28593.2,52,7.89,Rejected
63174,9925,35694.72,47,9.82,Defaulted
80792,9443,31387.34,28,5.17,Defaulted
19706,6920,10959.29,19,2.8,Approved
56883,9431,37738.88,34,8.37,Defaulted
67781,4950,18313.31,49,9.09,Rejected
65373,5511,15859.09,36,11.14,Paid Off
65972,4367,22372.78,48,2.85,Approved
35760,2633,49114.84,35,12.82,Approved
57322,1332,41354.67,12,5.68,Rejected
52008,7364,3687.24,37,5.7,Defaulted
47355,4197,4017.67,21,8.4,Paid Off
80900,4591,16388.23,49,5.46,Defaulted
98827,2781,43872.02,29,3.76,Paid Off
70246,2170,20113.81,28,11.28,Rejected
51693,2846,41763.19,59,9.6,Rejected
95893,5015,1613.54,22,9.54,Rejected
22159,2418,10866.22,23,12.09,Defaulted
26580,1161,25462.64,43,2.49,Rejected
25390,6661,17152.05,32,11.66,Defaulted
14448,3417,12485.91,27,4.86,Paid Off
82023,3626,46519.94,52,14.49,Paid Off
63260,2511,41285.9,52,9.19,Rejected
24794,1386,34542.02,54,4.4,Defaulted
42298,5168,6428.68,23,3.16,Rejected
79681,1549,38398.66,53,7.73,Paid Off
37369,7699,44267.25,59,12.02,Approved
38186,3252,21997.41,46,4.57,Paid Off
61709,8425,25121.58,18,2.91,Defaulted
46860,9482,42153.5,50,10.88,Rejected
29233,3011,18689.85,51,8.61,Paid Off
30647,8415,18851.43,45,8.33,Paid Off
77590,6943,24159.84,54,14.89,Defaulted
73316,9522,46119.85,30,8.4,Approved
70378,9192,37371.91,56,9.22,Defaulted
83130,7704,16432.8,37,5.47,Approved
83141,5621,14855.57,57,7.55,Rejected
54286,8897,4004.18,14,12.36,Defaulted
26722,4976,24508.98,27,10.3,Paid Off
13227,2934,6328.87,52,11.26,Paid Off
59439,9737,4189.52,43,12.6,Paid Off
64685,8154,24245.02,25,14.22,Rejected
97454,7085,22295.88,59,4.4,Rejected
10654,2788,48891.5,21,5.27,Paid Off
67249,7670,3368.06,53,2.82,Paid Off
92897,7933,19882.76,53,10.7,Defaulted
94982,8799,19485.08,56,12.22,Approved
17326,2457,15455.53,41,4.36,Approved
19722,2402,10077.71,52,5.54,Rejected
72596,2541,39906.37,34,7.29,Defaulted
57440,3215,14877.62,29,2.93,Rejected
48920,2746,36137.74,30,12.72,Rejected
48721,5788,44320.13,54,7.04,Paid Off
16334,6149,22416.35,24,10.91,Paid Off
43009,5003,12733.49,60,8.81,Approved
50009,6924,26238.23,59,13.52,Approved
66687,3417,37360.61,51,13.95,Paid Off
29565,3877,16567.33,48,10.4,Approved
82732,7174,12144.42,19,14.59,Approved
10952,3299,5723.02,27,7.66,Approved
41548,2111,2084.53,38,6.71,Approved
24232,3953,46759.05,59,13.73,Rejected
38911,2411,49454.01,23,10.37,Paid Off
99436,4711,46262.58,59,6.51,Defaulted
79419,4254,5872.34,36,5.92,Rejected
95202,7024,19783.13,35,7,Defaulted
37770,5978,19207.91,33,2.83,Rejected
38431,4601,33915.37,52,9.74,Rejected
92365,5502,37808.97,55,10.96,Rejected
44008,6521,13188.64,35,14.01,Defaulted
10786,7056,7441.56,32,2.01,Paid Off
61679,8600,34353.58,57,14.86,Defaulted
93671,2360,39571.67,19,8.98,Approved
22486,4558,20883.33,49,5.18,Defaulted
98642,4254,13994.91,17,2.29,Paid Off
86871,5548,24333.31,56,6.09,Rejected
98650,5873,36107.57,39,9.66,Rejected
62042,4366,11232.4,53,7.3,Rejected
52915,1549,38308.54,14,3.69,Defaulted
31068,5218,21352.19,42,10.23,Approved
73601,6049,36608.57,50,11.18,Rejected
75329,1712,13779.4,43,2.88,Approved
85497,4859,8195.63,23,6.67,Paid Off
82514,1213,22024.14,44,11.29,Paid Off
55934,9641,29313.61,21,12.24,Paid Off
58146,4995,13463.2,24,14.3,Paid Off
80988,7185,17223.15,24,14.91,Approved
26483,1052,32820.74,59,3.42,Defaulted
36845,8151,25155.85,20,6.73,Approved
65878,8883,37533.07,34,13.22,Paid Off
60427,4012,27811.02,13,9.78,Rejected
66197,4986,33684.49,35,8.2,Rejected
93387,5087,39605.77,55,4.02,Defaulted
65453,3952,1223.33,31,10.02,Defaulted
54163,9068,36294.83,31,10.13,Approved
10999,6121,33287.92,36,8.44,Rejected
56041,3293,11482.22,38,6.2,Approved
30316,6449,46453.14,45,13.35,Approved
97103,1386,32072.08,20,4.25,Paid Off
87707,6714,26055.07,54,10.65,Defaulted
93013,3659,34681.66,28,3.7,Paid Off
39176,2511,37981.83,28,8.09,Approved
84339,5832,48796.6,57,14.88,Paid Off
46616,5426,13269.05,16,11.14,Defaulted
79952,6335,15197.23,45,13.36,Defaulted
11489,4653,34504.9,33,11.85,Paid Off
99472,6108,20866.23,14,9.97,Approved
63416,7428,41480.53,36,5.21,Rejected
75567,1473,47759.73,20,10.29,Rejected
38641,4305,45611.56,55,2.55,Paid Off
86512,8264,19839.29,51,2.48,Defaulted
23400,9715,11402.65,19,5.08,Rejected
76418,8870,35546.9,40,6.7,Rejected
40319,1068,1354.69,52,7.24,Approved
50057,8630,30115.84,41,13.53,Rejected
29892,9470,12401.98,47,12.37,Rejected
75613,4773,6117,51,14.13,Defaulted
49812,9914,36175.63,57,4.72,Approved
39230,2021,33698.86,27,14.54,Defaulted
85989,7917,47972.67,13,6.59,Rejected
81069,4950,1565.8,34,8.47,Paid Off
80550,2080,39712.88,24,11.42,Rejected
64514,8013,17907.34,34,14.12,Paid Off
96148,1702,28995.74,50,12.74,Rejected
23539,4194,28568.61,54,5.32,Rejected
38364,4449,21358.41,57,4.08,Paid Off
87927,1239,18857.76,21,13.71,Defaulted
38875,9443,23816.44,36,3.91,Defaulted
17035,5756,49029.6,17,9.27,Rejected
17507,2456,21993.09,27,9.87,Rejected
39823,5564,42645,15,5.07,Approved
49480,5274,3013.12,28,4.37,Rejected
88433,4552,35380.16,56,11.01,Approved
10483,4893,23724.36,21,4.07,Rejected
25561,9043,40604.53,47,11.24,Paid Off
82361,3631,39466.4,12,3.08,Rejected
13820,1605,15429.07,17,6.23,Approved
38103,7628,16077.55,30,14.7,Paid Off
12405,4711,38440.57,27,9.06,Rejected
68263,6490,19437.47,25,6.13,Rejected
89868,4027,7880.41,45,9.69,Approved
93009,6149,14753.05,49,6.67,Defaulted
26310,6271,37612.28,35,11.74,Paid Off
47815,8745,41485.37,20,10.45,Approved
24193,2028,34794.12,27,2.58,Defaulted
57492,6920,8012.07,20,9.28,Rejected
67316,4120,22120.04,43,14.22,Paid Off
31769,1502,16070.9,57,3.98,Approved
21234,4858,24117.3,56,7.12,Rejected
65817,3779,18883.41,56,13.07,Paid Off
68545,3790,31270,20,9.45,Approved
77699,8726,2611.41,14,10.01,Defaulted
31352,5139,24968.96,25,11.36,Approved
95942,8425,27706.55,50,12.4,Rejected
16156,6638,19116.75,51,12.29,Paid Off
73263,8237,47325.58,51,9.01,Paid Off
12713,3844,33829.69,32,10.93,Defaulted
14024,7703,1957.38,29,7.83,Paid Off
53568,4600,14614.57,60,10.12,Approved
39692,7365,45179.56,57,5.43,Rejected
80073,8415,15967,30,11.35,Rejected
65179,3293,29208.88,29,14.24,Defaulted
84494,3690,24130.53,43,10.08,Approved
16944,3027,20379.52,28,3.94,Paid Off
25730,7947,33107.18,47,6.16,Rejected
79742,7628,8619.04,24,6.16,Paid Off
62556,4510,25420.02,37,4,Approved
69583,9973,2105.42,24,3.3,Approved
43863,9446,7814.03,48,7.65,Paid Off
70588,2338,32651.99,51,2.22,Approved
95089,5785,21825.8,32,3.3,Rejected
44650,1138,40954,58,6.31,Paid Off
59413,3423,19506.58,20,5.47,Defaulted
65726,5168,5034.8,54,7.89,Rejected
59619,3242,27448.35,38,3.43,Defaulted
83382,9303,35612.81,34,7.96,Rejected
63355,3386,28308.32,49,5.36,Paid Off
10101,7742,32834.59,16,14.32,Paid Off
46639,6271,27825.33,26,11.72,Rejected
67786,5706,36163.61,14,2.72,Rejected
43884,3631,6313.57,40,5.99,Paid Off
83039,9857,6042.5,33,6.86,Approved
99243,5548,13128.68,60,4.1,Rejected
36869,6058,21679.64,39,5.31,Paid Off
42844,6016,26920.62,24,10.4,Rejected
49552,3932,45277.09,56,14.24,Paid Off
86691,5151,30611.06,28,10.25,Rejected
56675,1758,4836.77,60,4.55,Rejected
51198,9207,36596.14,53,7.01,Defaulted
20547,6400,9834.32,41,4.69,Rejected
74611,3951,40378.88,44,11.63,Approved
48336,3902,19891.79,21,10.59,Approved
36492,7714,48867.3,45,5.49,Paid Off
29370,7352,45773.61,17,8.91,Paid Off
25669,5557,17701.52,28,5.94,Rejected
70954,9190,1863.07,52,5.04,Rejected
50456,8251,21257.73,39,2.6,Approved
42220,4558,20291.68,60,3.33,Rejected
74624,7917,48166.81,56,8.21,Rejected
30241,4842,13222.59,59,6.07,Approved
65641,8635,36015.79,41,3.96,Paid Off
86382,4091,5297.31,27,11.09,Defaulted
54567,6920,45873.03,37,6.17,Rejected
36648,5873,7777.32,54,11.33,Approved
32301,9375,36386.83,31,5.33,Rejected
53175,5832,34990.95,49,3.49,Defaulted
30593,9757,7014.39,54,7.18,Rejected
90238,8715,17993.51,36,4.58,Paid Off
46337,1549,20517.01,52,12.49,Paid Off
93602,8109,15993.34,51,8.48,Rejected
37243,5070,18784.28,43,12.6,Rejected
28194,3075,4635.54,14,13.21,Defaulted
79833,8375,19666.73,21,9.03,Approved
25227,9665,41405.73,49,9.97,Rejected
80407,2730,9026.52,19,12.59,Paid Off
85598,1381,2352.32,47,12.57,Approved
67642,6776,31877.59,30,7.05,Defaulted
16843,9048,34563.96,16,5.46,Rejected
79976,5522,7789.75,58,7.33,Approved
73743,5977,10905.23,45,13.73,Rejected
32254,7638,32337.71,57,10.52,Rejected
59025,1619,20181.88,12,7.49,Rejected
20212,7640,3585.94,17,10.32,Paid Off
22201,6672,42857.26,17,8.86,Paid Off
48450,4484,37346.84,59,7.43,Rejected
87547,9869,22310.48,44,5.45,Approved
15955,9467,39671.29,21,11.61,Defaulted
89979,8449,21582.42,20,2.1,Paid Off
42988,1332,42161.45,17,10.57,Rejected
50808,6191,16813.2,41,7.13,Approved
72102,8641,41595.64,51,13.31,Defaulted
28790,9011,13848.8,22,11.29,Paid Off
27982,1052,34041.05,38,4.78,Paid Off
93017,9734,23101.08,58,9.88,Rejected
59465,1619,33368.33,23,7.97,Rejected
29850,2490,23788.44,17,5.14,Approved
93898,9266,38837.43,39,5.15,Paid Off
43967,8883,37712.44,50,11.02,Rejected
43388,3554,37817.25,36,9.06,Rejected
98246,3049,24207.74,26,8.27,Approved
59360,7167,24075.28,53,10.05,Rejected
73051,2468,3570.59,22,4.51,Approved
69170,8733,23043.69,24,4.68,Rejected
42983,8948,5931.51,56,3.81,Defaulted
73062,6197,10828.95,19,2.94,Paid Off
69172,9936,29544.93,52,4.61,Rejected
12709,1290,18048.88,44,14.97,Paid Off
19599,2620,9356.38,47,8.09,Defaulted
21332,9643,46965.96,34,12.66,Rejected
93754,2190,26245.22,16,5.18,Rejected
19704,7926,28570.11,59,12.69,Approved
34197,3075,35123.36,45,10.17,Defaulted
39705,2642,5220.86,55,6.62,Paid Off
38737,8127,43735.11,20,10.84,Paid Off
36527,5087,48347.58,31,13.2,Paid Off
75870,3827,45197.3,46,6.38,Paid Off
58273,5003,44693.82,29,9.94,Defaulted
32070,9011,46652.75,49,12.82,Defaulted
49299,8650,7523.16,48,5.23,Defaulted
29575,8802,10578.15,22,11.06,Defaulted
37354,1527,42679.67,18,14.84,Approved
85500,1608,11453.12,59,11.94,Paid Off
78313,6267,27526.19,38,11.2,Defaulted
36821,5198,4423.08,59,11.33,Approved
71293,6514,9375.53,40,8.28,Defaulted
14675,6712,17693.93,24,6.75,Paid Off
21988,5115,43552.9,57,9.37,Paid Off
24789,8753,30659.23,54,2.19,Rejected
27888,2730,35213.65,24,10.96,Paid Off
20141,2214,16062.39,22,12.31,Paid Off
39591,1972,11485.16,23,7.57,Paid Off
26698,5359,19179.64,23,5.93,Paid Off
13516,2334,1703.07,42,13.38,Approved
42790,3256,36477.48,31,9.74,Rejected
24262,4817,31695.72,52,9.06,Rejected
37753,2865,40849.72,27,9.65,Approved
91072,7249,18052.23,28,4.38,Defaulted
45630,2411,7684.92,40,14.94,Approved
61589,7987,32873.84,53,11.06,Defaulted
60692,3723,4395.98,33,8.97,Rejected
58955,2688,29788.36,50,13.85,Paid Off
70445,3214,38287.37,58,2.04,Paid Off
16683,9897,21694.13,27,3.73,Rejected
44672,4854,15816.49,42,12.5,Paid Off
39363,2074,41155.31,37,12.65,Approved
77553,6925,15278.45,42,14.07,Defaulted
53956,4182,18892.46,50,4.25,Approved
48953,6553,14351.66,20,12.53,Paid Off
94350,9024,35350.07,54,3.57,Paid Off
40920,7163,3059.68,12,8.64,Paid Off
37335,1502,1131.28,51,13.25,Defaulted
92222,1208,38110.66,47,8.45,Rejected
17107,6677,46589.75,24,8.09,Paid Off
59670,1779,2553.08,51,8.9,Approved
66338,4003,26224.76,48,9.29,Paid Off
17775,7252,20559.35,16,13.48,Rejected
57311,8251,18719.2,15,11.05,Defaulted
81154,3008,25616.69,34,12.34,Approved
82387,4366,32238.74,43,14.26,Defaulted
31733,8647,45520.65,54,3.06,Approved
66919,3004,26319.96,45,9.39,Defaulted
84521,9005,17666.64,47,6.7,Rejected
18147,4865,48469.3,28,14.91,Rejected
44835,9607,2594.86,43,4.71,Approved
38498,7347,32333.86,54,4.41,Rejected
81693,9641,6558.31,59,4.72,Defaulted
52963,8753,29432.79,34,13.16,Rejected
70779,4454,36588.99,35,14.19,Defaulted
28557,4979,16920.64,45,7.94,Rejected
43117,1818,13301.26,13,4.06,Rejected
85939,4768,4157.12,40,9.67,Defaulted
36114,7227,4559.72,56,9.22,Paid Off
14364,1106,2919.61,35,12.79,Rejected
13115,4159,2050.9,46,7.91,Paid Off
55424,6197,5973.76,19,14.04,Approved
43567,1315,47459.28,49,9.55,Approved
25773,6450,35971.4,25,3.45,Paid Off
77178,2347,48664.31,59,2.85,Defaulted
56728,8528,22986.94,59,12.1,Paid Off
85567,6654,16291.72,19,3.71,Paid Off
95106,8511,8516.62,17,13.88,Paid Off
29651,7812,39262.81,51,6.23,Defaulted
90918,3529,14282.69,58,12.54,Defaulted
72842,6638,17216.94,46,9.33,Rejected
91443,4591,17955.26,46,6.63,Defaulted
83742,4838,33636.86,35,2.67,Rejected
65333,3668,48508.85,23,10.16,Approved
43749,6790,28584.77,44,5.02,Approved
14853,2210,5090.94,23,12.35,Approved
34545,1023,5248.38,37,13.18,Rejected
99859,6920,41074.93,60,6.11,Paid Off
37547,4653,37056.73,57,8.72,Paid Off
51509,3502,19950.88,30,8.64,Approved
14491,9689,43299.94,48,8.95,Approved
36195,1033,46663.81,24,3.1,Approved
14791,7726,3633.81,32,6.36,Paid Off
47926,2221,41832.5,60,8.72,Paid Off
41253,2845,7672.55,53,14.53,Rejected
36617,3714,28279.5,21,6.72,Rejected
78153,3330,47218.9,51,12.07,Defaulted
33606,2437,46092.79,37,6.82,Paid Off
15428,2647,2016.92,13,2.76,Defaulted
35418,4618,28135.26,33,14.83,Defaulted
80753,6238,16109.59,25,8.43,Rejected
24694,1000,8120.02,51,5.09,Approved
13709,7321,1971.86,33,10.05,Approved
64588,6490,46024.33,53,3.28,Rejected
64501,2221,3130.29,37,7.8,Approved
40287,1362,6645.26,17,6.19,Paid Off
86199,2738,22884.08,60,3.45,Paid Off
33487,7420,34249.35,55,14.24,Approved
96761,6356,11978.19,15,7.39,Rejected
51210,8380,16872.34,31,7.15,Paid Off
65265,4449,21805.08,30,9.53,Paid Off
33651,5300,42372.06,47,3.64,Approved
29241,9724,47028.88,15,3.55,Paid Off
19868,1033,39359.36,41,7.97,Rejected
56173,1750,42228.63,24,11.46,Paid Off
25226,6943,36445.34,24,5.69,Rejected
99247,7218,17127.22,26,13.14,Paid Off
86279,3162,36187.58,53,7.4,Approved
18534,9656,11460.13,18,10.39,Paid Off
94276,3299,20701.66,46,6.17,Approved
71975,7397,35553.17,18,10.86,Approved
57429,1944,40639.12,13,14.83,Paid Off
91902,5685,46389.96,28,8.04,Defaulted
27761,7292,39782.32,60,5.9,Rejected
49029,8652,38196.13,42,10.97,Paid Off
53928,8151,24164.47,32,3.99,Rejected
82764,9518,32559.61,58,5.68,Approved
14074,8127,46933.72,55,10.07,Defaulted
87191,6450,32555.48,21,7.48,Rejected
94827,3626,5512.79,48,6.12,Approved
94102,7848,38263.07,15,5.59,Defaulted
42502,5031,3367.76,43,14.13,Approved
35980,5663,39353.89,24,14.66,Paid Off
60864,5179,1135,55,5.83,Paid Off
66981,7010,42067.04,37,3.43,Paid Off
28623,3967,15710.86,14,5.13,Defaulted
67323,6691,39689.71,57,2.13,Approved
34565,5486,14000.57,40,6.99,Defaulted
15741,9883,21094.09,13,4.21,Rejected
72594,9354,43040.94,41,2.13,Defaulted
36363,2190,16877.2,59,2.81,Paid Off
92961,6712,22420.39,40,2.95,Approved
69101,9724,23552.55,46,7.09,Approved
78691,6824,21288.57,15,11.06,Paid Off
11768,4854,32238.61,40,5.91,Rejected
25881,1712,49726.94,21,8.11,Approved
28238,6177,41127.86,16,9.77,Paid Off
62932,8986,1572.69,44,11.18,Approved
52032,1922,32285.32,24,6.3,Rejected
44768,9068,3323.83,56,10.78,Rejected
70584,5910,34105.34,39,6.52,Rejected
61713,6001,17768.36,14,14.11,Defaulted
76161,2750,23619.24,14,7.36,Approved
22950,2392,8926.53,54,7.33,Approved
47350,3207,26259.09,59,13.48,Rejected
73978,6913,11076.69,33,10.28,Paid Off
67167,4558,8089.54,42,4.06,Approved
66011,3066,5234.61,13,7.72,Paid Off
14276,3586,24227.16,19,7.84,Paid Off
12860,6553,31866.14,13,2.83,Rejected
61716,1779,11878.03,54,7.29,Defaulted
29711,9189,5465.61,39,4.58,Defaulted
68081,3541,9481.79,17,13.42,Paid Off
45842,8745,17170.12,49,4.19,Defaulted
31705,7316,14703.62,40,8.26,Rejected
85912,9443,17753.25,15,7.46,Approved
28243,4094,45483.73,29,7.26,Paid Off
11176,6602,39828.98,18,13.36,Approved
21897,4454,48938.66,27,9.22,Paid Off
76510,2356,18410.16,54,8.76,Approved
55315,2437,41123.54,16,3.01,Rejected
18445,1968,29156.26,53,12.84,Approved
94646,7397,34966.18,28,11.17,Rejected
89667,4854,27576.15,25,2.18,Approved
61243,8082,41391.69,56,10.3,Rejected
94857,5548,9377.26,42,8.89,Rejected
59853,4893,9665.2,52,12.4,Paid Off
32585,3992,6638.4,47,5.02,Paid Off
44810,2543,36055.85,50,12.86,Paid Off
21613,3790,29607.73,22,4.85,Rejected
78595,8606,36411.84,44,12.34,Defaulted
77246,3902,18346.11,53,5.86,Approved
56056,4309,23950.99,50,5.87,Paid Off
62706,1710,39831.29,54,12.16,Approved
54975,2764,34036.13,33,6.3,Rejected
44772,2735,49226.8,31,7.82,Paid Off
17952,3894,33269.92,44,5.62,Defaulted
,6049,32832.17,41,12.38,Rejected
,9207,22280.9,52,13.46,Paid Off
,1886,25115.18,17,12.82,Approved
,5511,44527.7,25,8.89,Paid Off
,4515,44074.14,48,9.6,Defaulted
,5089,17902.11,56,10.29,Defaulted
,2306,21990.27,34,3.93,Paid Off
,5496,18180.84,34,13.17,Approved
,6479,29926.63,12,6.1,Paid Off
,5003,3345.2,28,9.21,Defaulted
,7749,7200.67,40,3.55,Defaulted
,3679,25023.27,24,10.99,Defaulted
,1823,35353.24,24,3.58,Rejected
,9375,3504.82,55,14.4,Rejected
,1672,33783.26,21,2.88,Approved
,7231,30483.15,52,8.72,Paid Off
,8172,7914.69,25,12.95,Paid Off
,6590,21491.51,48,7.65,Defaulted
